REAL_GENOTYPE,TANK,STRIP,POSITION,GENOTYPE,FRESH_LS,FRESH_RS,DRY_LS,DRY_RS,AREA,S_WEIGHT,w_WEIGHT,w_AREA,S,P,T,geno
2,A,1,6,2,0.09,0.83,0,0.1437,13.958234972740522,0.32425000000000004,1,1,1,1,A,2
21,A,1,7,21,2.02,2.49,0.14,0.2051,8.297226199295514,0.7795,5,1,1,2,A,21
6,A,1,10,6,3.74,5.15,0.3011,0.2694,29.088294865545066,0.3225,5,1,1,5,A,6
18,A,1,9,18,0.07,0.4,0,0.1003,2.7760845894700745,0.6415,1,1,1,4,A,18
20,A,2,7,20,3.54,4.04,0.284,0.2244,28.01284093540764,0.7060000000000001,5,1,2,2,A,20
24,A,2,10,24,3.05,3.17,0.2319,0.1526,10.777275792226602,0.72325,5,1,2,5,A,24
1,A,2,8,1,3.86,5.5,0.3196,0.291,15.153941524867475,0.23675000000000002,5,1,2,3,A,1
27,A,3,7,27,1.53,2.2,0.1055,0.1649,8.095828487274858,0.88425,5,1,3,2,A,27
8,A,3,8,8,3.02,2.7,0.2223,0.1539,23.49706933414197,0.42325,5,1,3,3,A,8
3,A,3,10,3,4.07,4.8,0.3049,0.2221,27.43047585415379,0.33999999999999997,5,1,3,5,A,3
5,A,4,7,5,1.1,1.77,0.0772,0.1083,17.3621256379844,0.36174999999999996,5,1,4,2,A,5
16,A,4,6,16,5.48,6.49,0.3983,0.2644,15.992703083436652,0.60675,5,1,4,1,A,16
7,A,4,9,7,1.84,1.85,0.1313,0.0999,21.666807410279144,0.31875,5,1,4,4,A,7
25,A,5,6,25,4.02,3.34,0.2579,0.1317,27.23832243849824,0.76325,5,1,5,1,A,25
19,A,5,8,19,3.89,5.2,0.2653,0.243,26.014160086902784,0.67125,5,1,5,3,A,19
9,A,5,7,9,1.67,2.13,0.1171,0.1791,6.80400044526161,0.46725000000000005,5,1,5,2,A,9
23,A,6,9,23,3.05,3.57,0.2099,0.1742,25.501885324663526,0.787,5,1,6,4,A,23
17,A,6,10,17,5.8,6.43,0.4433,0.3236,22.327752209354845,0.6487499999999999,5,1,6,5,A,17
28,A,6,6,28,2.48,3.29,0.2006,0.2443,8.694967648161441,0.959,5,1,6,1,A,28
21,A,7,10,21,0.82,0.79,0,0.2119,16.74739592329729,0.7795,5,1,7,5,A,21
3,A,7,8,3,3.94,4.97,0.2824,0.2289,25.23085151165037,0.33999999999999997,5,1,7,3,A,3
19,A,8,9,19,2.4,3.48,0.1694,0.1968,23.810882807911838,0.67125,5,1,8,4,A,19
5,A,8,10,5,3.94,3.07,0.293,0.2027,17.141586794666587,0.36174999999999996,5,1,8,5,A,5
6,A,8,7,6,2.9,3.68,0.2103,0.1945,24.73622727790338,0.3225,5,1,8,2,A,6
27,A,8,8,27,3.51,3.73,0.2618,0.2135,9.952639774400785,0.88425,5,1,8,3,A,27
24,A,9,8,24,2.47,2.93,0.1791,0.1347,27.300818999875894,0.72325,5,1,9,3,A,24
1,A,9,9,1,2.33,3.16,0.1944,0.2421,3.5645814860734197,0.23675000000000002,1,1,9,4,A,1
28,A,9,10,28,0.55,0.9,0.0178,0.1057,17.53091561396842,0.959,2,1,9,5,A,28
23,A,10,8,23,1.95,2.5,0.1614,0.18,9.537068668808528,0.787,5,1,10,3,A,23
22,A,11,7,22,0.94,1.05,0.0824,0.1502,5.8948478881420945,0.7705,5,1,11,2,A,22
16,A,12,10,16,7.12,8.2,0.5879,0.4586,23.698006430703604,0.60675,5,1,12,5,A,16
25,A,13,7,25,3.2,3.33,0.2502,0.1767,8.584886950891994,0.76325,5,1,13,2,A,25
19,A,13,6,19,1.35,2.67,0.106,0.1673,22.399972874867412,0.67125,5,1,13,1,A,19
7,A,14,8,7,2.33,2.46,0.1804,0.1408,10.261546414044677,0.31875,4,1,14,3,A,7
17,A,14,7,17,1.75,1.23,0.0528,0.0835,17.164406452198993,0.6487499999999999,3,1,14,2,A,17
25,A,15,10,25,5.25,5.43,0.3765,0.2757,26.20352422005648,0.76325,5,1,15,5,A,25
1,A,15,7,1,1.78,2.38,0.1323,0.1204,6.616165299534395,0.23675000000000002,5,1,15,2,A,1
16,A,16,8,16,6.32,6.2,0.4393,0.2497,17.11295826440095,0.60675,5,1,16,3,A,16
4,A,16,7,4,3.16,3.53,0.226,0.1571,28.062037225406012,0.30775,5,1,16,2,A,4
6,A,16,6,6,2.89,3.96,0.2149,0.1592,10.918115366259663,0.3225,5,1,16,1,A,6
15,A,16,10,15,2.09,2.44,0.1347,0.2042,6.776344325409468,0.63375,5,1,16,5,A,15
9,A,17,7,9,3.32,4.31,0.2139,0.2058,10.914622365695408,0.46725000000000005,5,1,17,2,A,9
18,A,17,10,18,2.45,3.33,0.1951,0.2154,24.021249726509573,0.6415,5,1,17,5,A,18
11,A,17,9,11,4.09,4.53,0.3132,0.2107,12.447026023493947,0.509,5,1,17,4,A,11
5,A,17,6,5,5.47,6.51,0.3939,0.2533,28.825206669200053,0.36174999999999996,5,1,17,1,A,5
22,A,17,8,22,2.28,3.53,0.1563,0.1398,25.73084959241929,0.7705,5,1,17,3,A,22
8,A,18,7,8,3.43,4.38,0.2297,0.2157,28.05119356980819,0.42325,5,1,18,2,A,8
20,A,18,6,20,3.23,4.17,0.2362,0.2117,12.898787429804123,0.7060000000000001,5,1,18,1,A,20
23,A,19,7,23,2.76,4.27,0.2327,0.2429,13.896007103713966,0.787,5,1,19,2,A,23
12,A,19,10,12,1.64,1.49,0,0.0768,16.825950051371418,0.50225,3,1,19,5,A,12
28,A,19,8,28,3.78,4.26,0.2936,0.2212,27.30932759099394,0.959,5,1,19,3,A,28
1,A,19,6,1,3.06,4.11,0.2216,0.2305,22.928196447375324,0.23675000000000002,5,1,19,1,A,1
13,A,20,9,13,2.88,3.07,0.2091,0.1549,22.981128840541327,0.5075000000000001,5,1,20,4,A,13
27,A,20,10,27,2.73,3.36,0,0.196,10.70628343460476,0.88425,5,1,20,5,A,27
3,A,20,7,3,3.89,4.46,0.2927,0.2366,26.665137679240193,0.33999999999999997,5,1,20,2,A,3
9,A,20,8,9,3.99,5.59,0.2604,0.2914,13.535095699259047,0.46725000000000005,5,1,20,3,A,9
7,A,21,10,7,2.24,2.86,0.1759,0.1518,22.40739390170722,0.31875,5,1,21,5,A,7
14,A,21,9,14,3,4.27,0.2149,0.2713,12.011763607028481,0.58,5,1,21,4,A,14
4,A,21,6,4,2.45,3.86,0.1903,0.1951,28.449440416191656,0.30775,5,1,21,1,A,4
17,A,22,9,17,0.29,0.74,0.0143,0.1648,15.323345654796864,0.6487499999999999,1,1,22,4,A,17
6,A,22,10,6,3.06,4.59,0.2247,0.1929,13.674431875613354,0.3225,5,1,22,5,A,6
29,A,23,6,29,4.09,5.26,0.293,0.2743,26.32472366271177,0.9465,5,1,23,1,A,29
20,A,23,8,20,1.09,1.67,0.0802,0.1201,19.310612196329664,0.7060000000000001,5,1,23,3,A,20
15,A,24,8,15,4.13,4.59,0.2915,0.2897,13.174145910182544,0.63375,5,1,24,3,A,15
24,A,24,6,24,3.96,4.84,0.3212,0.2438,14.29763819423386,0.72325,5,1,24,1,A,24
1,A,24,10,1,2.7,4.11,0.2188,0.2596,9.75044238276377,0.23675000000000002,5,1,24,5,A,1
16,A,24,7,16,4.77,7.02,0.3692,0.3105,29.155512735377698,0.60675,5,1,24,2,A,16
6,A,25,9,6,4.01,5.76,0.2974,0.2398,14.232288375985044,0.3225,5,1,25,4,A,6
25,A,25,8,25,1.36,1.05,0.0593,0.0411,17.329524299384694,0.76325,3,1,25,3,A,25
9,A,26,10,9,3.62,4.59,0.24,0.2532,11.685826990274617,0.46725000000000005,5,1,26,5,A,9
2,A,26,8,2,2.07,2.83,0.1707,0.223,7.904378789681702,0.32425000000000004,5,1,26,3,A,2
3,A,26,9,3,0.17,1.06,0.0139,0.0984,16.06123882527704,0.33999999999999997,2,1,26,4,A,3
19,A,26,7,19,2.12,3.74,0.167,0.2267,21.850452234816643,0.67125,5,1,26,2,A,19
7,A,27,7,7,1.67,1.87,0.1118,0.1121,6.262105550032435,0.31875,5,1,27,2,A,7
14,A,27,10,14,5.87,7.81,0.4025,0.3337,33.49576425700807,0.58,5,1,27,5,A,14
28,A,27,9,28,3.2,4.47,0.2333,0.2329,11.80319436820832,0.959,5,1,27,4,A,28
10,A,27,8,10,2.8,2.93,0.2015,0.1327,24.65934927830514,0.4385,5,1,27,3,A,10
2,A,28,7,2,2.93,3.48,0.2325,0.2568,23.37773794307049,0.32425000000000004,5,1,28,2,A,2
20,A,28,10,20,4.16,5.36,0.3271,0.2595,13.204092312455936,0.7060000000000001,5,1,28,5,A,20
12,A,28,9,12,2.44,2.75,0.1769,0.1328,21.896437011475722,0.50225,5,1,28,4,A,12
18,A,29,6,18,2.37,3.53,0.1833,0.2457,22.464247923711845,0.6415,5,1,29,1,A,18
17,A,29,8,17,2.82,4.24,0.2184,0.2174,25.535279945442657,0.6487499999999999,5,1,29,3,A,17
30,A,30,10,30,2.81,3.8,0.1994,0.2316,9.208502705476079,1.00625,5,1,30,5,A,30
21,A,30,8,21,3.61,3.2,0.2258,0.1777,9.484104288457871,0.7795,5,1,30,3,A,21
27,A,31,6,27,3.15,3.53,0.2276,0.2325,22.48111156746161,0.88425,5,1,31,1,A,27
29,A,31,8,29,3.59,4.53,0.2523,0.2203,24.367600564509832,0.9465,5,1,31,3,A,29
25,A,31,9,25,0.49,0.71,0.0365,0.1786,3.3967063435705116,0.76325,5,1,31,4,A,25
12,A,32,6,12,1.41,1.91,0.1064,0.1335,5.848575226821126,0.50225,5,1,32,1,A,12
4,A,33,10,4,4.72,7.27,0.4348,0.35,33.44368912039081,0.30775,5,1,33,5,A,4
23,A,33,6,23,2.27,2.96,0.1603,0.1416,25.649787669068264,0.787,5,1,33,1,A,23
16,B,45,14,16,1.65,1.73,0.2134,0.201,9.535885840771915,0.60675,5,1,1,4,B,16
19,B,45,11,19,1.25,1.6,0.1529,0.169,25.474154816282603,0.67125,5,1,1,1,B,19
22,B,45,12,22,1.11,1.24,0.1372,0.1286,8.573054020509817,0.7705,5,1,1,2,B,22
25,B,46,11,25,1.42,1.12,0.1781,0.1277,9.243870064769846,0.76325,5,1,2,1,B,25
18,B,46,13,18,1.16,1.35,0.1498,0.1256,7.771506592984472,0.6415,5,1,2,3,B,18
27,B,47,12,27,0.94,0.97,0.1073,0.143,6.37425154634993,0.88425,4,1,3,2,B,27
21,B,48,15,21,1.31,1.35,0.1261,0.1552,6.920757410372556,0.7795,5,1,4,5,B,21
4,B,48,14,4,0.82,0.98,0.0807,0.0865,21.65806491690469,0.30775,5,1,4,4,B,4
28,B,49,13,28,2.25,2.11,0.2041,0.1877,24.455668343912787,0.959,5,1,5,3,B,28
19,B,49,15,19,1.91,2.02,0.1535,0.1784,21.542958672300593,0.67125,5,1,5,5,B,19
3,B,49,11,3,1.83,1.81,0.2091,0.167,24.864489162555955,0.33999999999999997,5,1,5,1,B,3
7,B,50,11,7,1.02,1.17,0.1172,0.1005,6.373883896028489,0.31875,5,1,6,1,B,7
15,B,50,12,15,0.75,1.12,0.0644,0.2166,19.88545156967671,0.63375,5,1,6,2,B,15
9,B,50,15,9,1.04,1.28,0.1111,0.1594,5.867610387009012,0.46725000000000005,5,1,6,5,B,9
13,B,50,13,13,0.71,0.81,0.0651,0.1275,5.963021984221462,0.5075000000000001,5,1,6,3,B,13
14,B,49,16,14,1.6,1.84,0.1493,0.1368,23.1189044527525,0.58,5,1,7,1,B,14
18,B,49,17,18,1.64,1.51,0.1386,0.1042,7.280401829123736,0.6415,5,1,7,2,B,18
16,B,49,18,16,2.24,2.03,0.2231,0.1364,22.247807726488446,0.60675,5,1,7,3,B,16
6,B,49,19,6,1.36,1.71,0.1169,0.103,6.673024481708128,0.3225,5,1,7,4,B,6
12,B,49,20,12,1.62,1.5,0.1549,0.1529,23.449491818512588,0.50225,5,1,7,5,B,12
11,B,48,16,11,2.11,2.33,0.2058,0.201,8.517919149891036,0.509,5,1,8,1,B,11
25,B,48,17,25,1.75,0.97,0.1515,0.0606,24.330001660765248,0.76325,5,1,8,2,B,25
20,B,48,20,20,1.15,1.09,0.136,0.1203,6.580395617101065,0.7060000000000001,5,1,8,5,B,20
22,B,47,19,22,1.43,1.68,0.1542,0.146,8.687475674860199,0.7705,5,1,9,4,B,22
26,B,47,16,26,1.08,1.21,0.1082,0.1227,22.453672890099178,0.8365,5,1,9,1,B,26
23,B,47,18,23,1.7,1.34,0.1702,0.1064,24.27733892161822,0.787,5,1,9,3,B,23
20,B,47,17,20,1.31,1.32,0.1442,0.1261,8.043003677770974,0.7060000000000001,5,1,9,2,B,20
27,B,46,19,27,1.01,1.11,0.1101,0.139,22.865542670890843,0.88425,5,1,10,4,B,27
4,B,46,16,4,0.6,0.74,0.0842,0.1059,6.725744270042965,0.30775,5,1,10,1,B,4
2,B,46,20,2,0.82,0.89,0.0918,0.1116,6.92031369446737,0.32425000000000004,4,1,10,5,B,2
5,B,46,18,5,2.68,2.42,0.283,0.1527,11.589599552734366,0.36174999999999996,5,1,10,3,B,5
29,B,46,17,29,0.95,0.97,0.1211,0.104,21.209075131244827,0.9465,5,1,10,2,B,29
9,B,45,19,9,0.23,0.59,0.0177,0.1666,5.9187961860716305,0.46725000000000005,4,1,11,4,B,9
1,B,45,20,1,0.92,1.55,0.1147,0.1409,22.561971264957982,0.23675000000000002,5,1,11,5,B,1
3,B,45,17,3,1.97,2.15,0.2239,0.167,10.597831116655447,0.33999999999999997,5,1,11,2,B,3
6,B,45,16,6,1.22,1.35,0.1454,0.1332,25.367732725822872,0.3225,5,1,11,1,B,6
12,B,44,18,12,0.65,0.89,0.0568,0.0663,6.79016548067744,0.50225,4,1,12,3,B,12
17,B,44,17,17,1.63,1.13,0.1554,0.0975,23.994698228812883,0.6487499999999999,5,1,12,2,B,17
13,B,44,16,13,1.47,1.2,0.1747,0.1432,8.473211603044145,0.5075000000000001,5,1,12,1,B,13
15,B,43,16,15,1.42,1.91,0.1572,0.2756,23.86095591619094,0.63375,5,1,13,1,B,15
19,B,43,19,19,2.15,2.71,0.2097,0.2033,11.895193035435152,0.67125,5,1,13,4,B,19
18,B,43,20,18,0.82,1.06,0.1152,0.1155,25.956163404087,0.6415,5,1,13,5,B,18
25,B,42,18,25,1.02,0.86,0.0781,0.0629,6.861128331514098,0.76325,5,1,14,3,B,25
16,B,42,16,16,1.23,1.07,0.1333,0.1018,7.599122963819404,0.60675,5,1,14,1,B,16
23,B,42,17,23,1.47,1.62,0.1413,0.115,24.853681510865336,0.787,5,1,14,2,B,23
3,B,42,20,3,1.36,1.72,0.1794,0.2074,10.153379910825782,0.33999999999999997,5,1,14,5,B,3
29,B,41,16,29,1.11,1.36,0.1188,0.1178,24.567243877671327,0.9465,5,1,15,1,B,29
24,B,41,17,24,1.58,1.1,0.1895,0.0951,9.012288395054217,0.72325,5,1,15,2,B,24
2,B,40,17,2,1.89,1.54,0.186,0.2192,26.302895689997246,0.32425000000000004,5,1,16,2,B,2
4,B,40,20,4,1.66,1.84,0.2026,0.1463,11.171549443263315,0.30775,5,1,16,5,B,4
20,B,40,16,20,1.44,1.52,0.1634,0.1406,9.570463987383256,0.7060000000000001,5,1,16,1,B,20
1,B,40,19,1,2.35,2.79,0.2251,0.1831,28.47999411759486,0.23675000000000002,5,1,16,4,B,1
7,B,39,17,7,1.4,1.36,0.1596,0.1034,8.215995831606012,0.31875,5,1,17,2,B,7
6,B,39,18,6,1.69,1.87,0.1511,0.1126,24.95392961144432,0.3225,5,1,17,3,B,6
10,B,39,19,10,0.98,0.88,0.1207,0.0965,7.46529824681507,0.4385,5,1,17,4,B,10
15,B,38,19,15,0.31,1.31,0.0289,0.1577,20.46915350415128,0.63375,2,1,18,4,B,15
13,B,37,16,13,2.94,2.72,0.2841,0.1458,26.34612629675973,0.5075000000000001,5,1,19,1,B,13
1,B,37,18,1,3.15,3.48,0.2783,0.2476,27.22793559273472,0.23675000000000002,5,1,19,3,B,1
16,B,37,17,16,3.3,2.34,0.3361,0.141,11.614878681732725,0.60675,5,1,19,2,B,16
18,B,36,16,18,1.34,1.48,0.129,0.1381,8.232483046883022,0.6415,5,1,20,1,B,18
24,B,36,17,24,2.34,1.94,0.236,0.1104,26.960444628692194,0.72325,5,1,20,2,B,24
25,B,36,19,25,2.86,1.88,0.2525,0.0938,27.011902996096566,0.76325,5,1,20,4,B,25
4,B,34,17,4,2.64,1.99,0.2669,0.1462,26.429240624599863,0.30775,5,1,22,2,B,4
2,B,34,16,2,2.23,1.77,0.2226,0.1894,8.386072138064106,0.32425000000000004,5,1,22,1,B,2
29,B,34,18,29,2.13,2.3,0.1827,0.1512,9.637743996206863,0.9465,5,1,22,3,B,29
3,B,34,19,3,2.83,3.09,0.2663,0.177,29.769432538067655,0.33999999999999997,5,1,22,4,B,3
5,B,33,18,5,2.7,2.44,0.2743,0.1969,27.593880777339557,0.36174999999999996,5,1,23,3,B,5
6,B,33,17,6,2.63,2.55,0.2536,0.1699,12.48215945121217,0.3225,5,1,23,2,B,6
7,B,33,20,7,1.01,1.22,0.1313,0.1487,23.26002512699783,0.31875,5,1,23,5,B,7
10,B,32,16,10,0.97,1,0.1027,0.1021,8.050198214233646,0.4385,5,1,24,1,B,10
17,B,31,16,17,1.36,1.48,0.0675,0.0914,28.87347504351585,0.6487499999999999,3,1,25,1,B,17
19,B,31,17,19,1.49,1.89,0.1576,0.1712,10.515978209745775,0.67125,5,1,25,2,B,19
18,B,31,19,18,1.32,1.32,0.1242,0.2069,8.839682907936556,0.6415,5,1,25,4,B,18
26,B,29,17,26,0.58,0.86,0.055,0.1419,7.721379373295656,0.8365,5,1,27,2,B,26
16,B,29,18,16,2.46,2.47,0.2886,0.1875,27.42197889687155,0.60675,5,1,27,3,B,16
3,B,28,19,3,1.78,2,0.16,0.21,24.597201040070082,0.33999999999999997,5,1,28,4,B,3
4,B,28,16,4,1.46,1.19,0.17,0.11,8.615821894971178,0.30775,5,1,28,1,B,4
29,B,28,17,29,2.32,2.38,0.23,0.2,27.810300040695086,0.9465,5,1,28,2,B,29
7,B,27,20,7,1.48,1.31,0.17,0.12,23.75059743177234,0.31875,5,1,29,5,B,7
20,B,25,16,20,2.29,2.18,0.2207,0.1627,27.656748982305878,0.7060000000000001,5,1,31,1,B,20
12,B,25,17,12,2.87,2.31,0.2316,0.1598,11.991764632799732,0.50225,5,1,31,2,B,12
18,B,25,18,18,2.22,2.01,0.1944,0.1454,26.408481059035765,0.6415,5,1,31,3,B,18
21,B,24,18,21,2.16,1.71,0.1931,0.1612,9.74156084042328,0.7795,5,1,32,3,B,21
25,B,23,20,25,2.55,1.94,0.2665,0.1321,24.055125996300678,0.76325,5,1,33,5,B,25
26,A,34,8,26,2.55,3.5,0.1778,0.1858,9.66140925299688,0.8365,5,1,34,3,A,26
18,A,34,9,18,1.56,2.14,0.1182,0.1958,20.3938390123381,0.6415,5,1,34,4,A,18
1,A,35,8,1,4.82,6.6,0,0.1706,14.768156885625345,0.23675000000000002,2,1,35,3,A,1
27,A,36,7,27,1.05,1.12,0.0464,0.1144,17.365426715440726,0.88425,3,1,36,2,A,27
8,A,36,8,8,2.32,3.1,0.1751,0.1935,10.506811351100295,0.42325,5,1,36,3,A,8
3,A,36,10,3,4.01,5.64,0.2966,0.2802,13.966308538147276,0.33999999999999997,5,1,36,5,A,3
5,A,37,7,5,4.37,5.9,0.3247,0.272,15.684704879836941,0.36174999999999996,5,1,37,2,A,5
16,A,37,6,16,1.08,1.15,0.0495,0.0443,19.084238890530898,0.60675,3,1,37,1,A,16
4,A,38,9,4,6.51,7.75,0.5004,0.3906,33.624787765029815,0.30775,5,1,38,4,A,4
25,A,38,6,25,1.5,1.01,0.069,0.0457,10.673867621676052,0.76325,3,1,38,1,A,25
19,A,38,8,19,3.19,3.64,0.2204,0.2241,13.620770174637235,0.67125,5,0,38,3,A,19
9,A,38,7,9,1.37,1.6,0.0752,0.1076,18.43470711893987,0.46725000000000005,3,1,38,2,A,9
14,A,39,7,14,4.72,5.5,0.3437,0.2834,13.15368690687763,0.58,5,1,39,2,A,14
4,A,39,8,4,3.29,4.21,0.246,0.2547,27.566626106916527,0.30775,5,1,39,3,A,4
17,A,39,10,17,2.54,3.07,0.1946,0.1746,23.909723208493748,0.6487499999999999,5,1,39,5,A,17
28,A,39,6,28,2.19,2.88,0.1699,0.2983,22.34437914793817,0.959,5,1,39,1,A,28
21,A,40,10,21,2.09,1.86,0.1198,0.1522,7.977904532328169,0.7795,3,0,40,5,A,21
13,A,40,7,13,4.17,4.41,0.3057,0.2249,24.239696607950993,0.5075000000000001,5,1,40,2,A,13
20,A,40,9,20,1.81,1.31,0.0897,0.076,20.888744733310048,0.7060000000000001,3,0,40,4,A,20
19,A,41,9,19,2.95,3.71,0.253,0.2283,10.681992366578253,0.67125,5,1,41,4,A,19
5,A,41,10,5,3.54,5.01,0.2648,0.2438,27.5419383978003,0.36174999999999996,5,1,41,5,A,5
14,A,41,6,14,3.12,3.88,0.2056,0.1779,28.859944751734666,0.58,5,1,41,1,A,14
6,A,41,7,6,3.74,4.37,0.2694,0.1971,12.12422415083621,0.3225,5,1,41,2,A,6
12,A,42,7,12,3.7,4.31,0.2627,0.1907,12.03976518847489,0.50225,5,1,42,2,A,12
9,A,42,6,9,0.56,1.01,0.0404,0.1693,17.556396605264066,0.46725000000000005,4,1,42,1,A,9
24,A,42,8,24,1.08,0.75,0.0445,0.0334,19.722747878290043,0.72325,3,1,42,3,A,24
7,A,43,6,7,0.97,0.84,0.0514,0.0854,4.672534395819659,0.31875,3,1,43,1,A,7
2,A,43,10,2,4.73,4.14,0.3444,0.2562,11.66690337183311,0.32425000000000004,5,1,43,5,A,2
18,A,43,7,18,1.9,2.45,0.1566,0.1736,22.290755831583635,0.6415,4,0,43,2,A,18
17,A,44,6,17,2.56,3.27,0.2055,0.1877,24.84035196139019,0.6487499999999999,5,1,44,1,A,17
11,A,44,10,11,2.84,3.33,0.2363,0.2432,20.473704614983053,0.509,5,1,44,5,A,11
29,A,44,8,29,4.68,5.23,0.3337,0.2693,26.98749173131277,0.9465,5,1,44,3,A,29
10,A,44,9,10,1.71,1.96,0.1347,0.1756,6.17421756147617,0.4385,5,1,44,4,A,10
10,A,46,10,10,2.79,3.33,0.2363,0.2194,24.62964597863512,0.4385,5,1,46,5,A,10
25,A,46,7,25,2.96,2.66,0.21,0.1463,8.833069119188089,0.76325,5,1,46,2,A,25
19,A,46,6,19,2.22,3.3,0.1679,0.186,23.18981323322624,0.67125,5,1,46,1,A,19
3,A,47,6,3,4.21,5.43,0.2914,0.2863,14.843281987504525,0.33999999999999997,5,1,47,1,A,3
17,A,47,7,17,2.9,4.47,0.2427,0.3044,26.32388559847383,0.6487499999999999,5,1,47,2,A,17
25,A,48,10,25,2.75,2.63,0.1877,0.1332,23.30957965000902,0.76325,5,1,48,5,A,25
27,A,48,9,27,1.52,2.58,0.1065,0.1904,6.65401893385434,0.88425,5,1,48,4,A,27
18,A,50,5,18,2.37,3.02,0.2035,0.257,21.859773300424916,0.6415,5,1,50,5,A,18
1,A,48,1,1,3,4.23,0.2632,0.3359,22.133500434385965,0.23675000000000002,5,1,52,1,A,1
27,A,47,5,27,3.08,2.88,0.2332,0.2301,7.181334070318068,0.88425,5,1,53,5,A,27
9,A,47,3,9,2.58,2.73,0.2016,0.2195,6.32087880311632,0.46725000000000005,5,1,53,3,A,9
10,A,46,3,10,4.18,3.92,0.3204,0.289,22.37797208926216,0.4385,5,1,54,3,A,10
14,A,46,4,14,3.52,4.07,0.2464,0.2356,12.424539032681945,0.58,5,1,54,4,A,14
17,A,45,4,17,0.41,0.78,0.0353,0.1206,14.362655345762274,0.6487499999999999,4,1,55,4,A,17
6,A,45,5,6,1.3,2.12,0.0999,0.1344,5.985435595083185,0.3225,5,1,55,5,A,6
29,A,44,1,29,2.8,3.47,0.2247,0.2155,22.92766546011006,0.9465,5,1,56,1,A,29
20,A,44,3,20,1.48,1.64,0.1196,0.0946,20.927295688255455,0.7060000000000001,5,1,56,3,A,20
19,A,44,5,19,1.74,2.08,0.1538,0.1587,18.845198659609014,0.67125,5,1,56,5,A,19
16,A,43,2,16,4.83,5.54,0.3516,0.2912,27.800695529343123,0.60675,5,1,57,2,A,16
26,A,43,4,26,1.71,1.98,0.1299,0.188,18.651682589887187,0.8365,5,1,57,4,A,26
11,A,42,1,11,1.63,1.47,0.1349,0.1074,19.162786621168095,0.509,5,1,58,1,A,11
9,A,41,5,9,4.37,4.55,0.3468,0.3347,11.190588602582261,0.46725000000000005,5,1,59,5,A,9
2,A,41,3,2,4.33,3.56,0.3321,0.2398,12.259126903397423,0.32425000000000004,5,1,59,3,A,2
3,A,41,4,3,1.03,1.84,0.0872,0.1788,18.311569252894518,0.33999999999999997,5,1,59,4,A,3
19,A,41,2,19,2.12,2.85,0.1593,0.212,20.988340031449802,0.67125,5,1,59,2,A,19
7,A,40,2,7,1.21,1.71,0.1098,0.1339,5.780519292750553,0.31875,5,1,60,2,A,7
14,A,40,5,14,1.46,1.8,0.0729,0.1059,16.851194337500626,0.58,4,1,60,5,A,14
28,A,40,4,28,2.86,3.17,0.2309,0.2719,10.10716346602897,0.959,5,0,60,4,A,28
10,A,40,3,10,2.5,2.8,0.2106,0.2311,22.649466517734336,0.4385,5,1,60,3,A,10
5,A,40,1,5,1.17,1.85,0.0504,0.088,17.547382616628475,0.36174999999999996,3,1,60,1,A,5
6,A,39,3,6,0.323,3.87,0.2413,0.2211,11.662936960935971,0.3225,5,1,61,3,A,6
18,A,38,1,18,0.84,0.89,0.0654,0.1348,18.17966050081695,0.6415,5,1,62,1,A,18
5,A,38,4,5,5.11,5.73,0.3704,0.2797,16.29029265714984,0.36174999999999996,5,1,62,4,A,5
23,A,38,5,23,1.85,1.84,0.1555,0.2122,20.029460197066648,0.787,5,1,62,5,A,23
16,A,37,4,16,5.62,6.82,0.3975,0.2787,28.586735810165013,0.60675,5,1,63,4,A,16
21,A,37,3,21,1.83,1.61,0.1189,0.1663,6.124918912486901,0.7795,5,1,63,3,A,21
1,A,36,2,1,2.3,2.66,0.1698,0.1538,7.6064501518111785,0.23675000000000002,5,1,64,2,A,1
27,A,36,1,27,2.7,3.08,0.2087,0.2194,23.248439345260717,0.88425,5,1,64,1,A,27
25,A,36,4,25,4.06,3.99,0.2443,0.1556,11.8216765635016,0.76325,5,1,64,4,A,25
12,A,35,1,12,0.61,1.09,0.0403,0.103,4.087111339712857,0.50225,4,1,65,1,A,12
24,A,35,2,24,2.37,2.86,0.1726,0.1372,23.550251227348276,0.72325,5,1,65,2,A,24
3,A,35,3,3,1.96,2.53,0.1518,0.1348,6.384558890326179,0.33999999999999997,5,1,65,3,A,3
23,A,34,1,23,1.81,2.22,0.149,0.1853,22.013203030337923,0.787,5,1,66,1,A,23
14,B,22,20,14,1.6,2.19,0.1696,0.1511,11.52462686661773,0.58,5,1,34,5,B,14
16,B,22,19,16,4.32,4,0.4389,0.2601,28.12129417984186,0.60675,5,1,34,4,B,16
19,B,22,16,19,2.3,2.51,0.2489,0.2166,12.164547606279468,0.67125,5,1,34,1,B,19
21,B,21,17,21,1.42,1.55,0.1738,0.1996,9.001791344497226,0.7795,5,1,35,2,B,21
18,B,21,18,18,1.06,1.03,0.1181,0.141,23.94632051755023,0.6415,5,1,35,3,B,18
20,B,21,19,20,1.07,1.3,0.1251,0.1232,9.205976726466893,0.7060000000000001,5,1,35,4,B,20
17,B,20,20,17,2.07,2.48,0.2474,0.2817,13.64444790965437,0.6487499999999999,5,1,36,5,B,17
24,B,20,18,24,2.23,2.34,0.2584,0.1838,14.411366480179211,0.72325,5,1,36,3,B,24
1,B,19,16,1,2.26,3.09,0.2488,0.2861,27.0327513048417,0.23675000000000002,5,1,37,1,B,1
21,B,19,20,21,0.21,0.69,0.0136,0.1653,18.968639427581127,0.7795,1,1,37,5,B,21
4,B,19,19,4,1.64,1.6,0.1947,0.1637,11.46575210479809,0.30775,5,1,37,4,B,4
28,B,18,18,28,0.47,0.91,0.0449,0.2015,6.344706405863135,0.959,4,1,38,3,B,28
19,B,18,20,19,0.9,0.96,0.1115,0.1062,7.741562108183009,0.67125,5,1,38,5,B,19
3,B,18,16,3,1.21,1.29,0.1162,0.1427,8.117934616559731,0.33999999999999997,5,1,38,1,B,3
15,B,17,17,15,0.85,0.95,0.0947,0.1424,7.892824860261184,0.63375,5,1,39,2,B,15
9,B,17,20,9,1.31,1.73,0.136,0.199,24.463984847735716,0.46725000000000005,5,1,39,5,B,9
14,B,16,16,14,0.17,1.07,0.0088,0.0809,8.206487633637723,0.58,2,1,40,1,B,14
18,B,16,17,18,1.9,1.67,0.1907,0.1611,22.288192212659087,0.6415,5,1,40,2,B,18
16,B,16,18,16,4.16,3.53,0.4287,0.2434,14.213057164553945,0.60675,5,1,40,3,B,16
12,B,16,20,12,1.71,1.62,0.2153,0.1491,10.200857512680766,0.50225,5,1,40,5,B,12
17,B,15,18,17,1.64,1.58,0.1419,0.2042,23.143549701886297,0.6487499999999999,5,1,41,3,B,17
25,B,15,17,25,1.18,0.66,0.1232,0.0571,7.294030246211617,0.76325,5,1,41,2,B,25
7,B,15,19,7,1.76,1.24,0.1797,0.1207,9.372756857629314,0.31875,5,1,41,4,B,7
20,B,15,20,20,2.48,2.49,0.2555,0.1486,27.886948793916783,0.7060000000000001,5,1,41,5,B,20
22,B,14,19,22,2.14,2.19,0.2209,0.2059,23.66993621900803,0.7705,5,1,42,4,B,22
20,B,14,17,20,2.49,2.17,0.242,0.1405,26.972082663005377,0.7060000000000001,5,1,42,2,B,20
28,B,14,20,28,2.17,1.99,0.2165,0.2167,8.826479190357926,0.959,5,1,42,5,B,28
27,B,13,19,27,3.24,2.88,0.286,0.2385,10.662455168846579,0.88425,5,1,43,4,B,27
29,B,13,17,29,5.1,4.22,0.4217,0.2598,15.322467364695175,0.9465,5,1,43,2,B,29
1,B,12,20,1,2.84,2.9,0.273,0.2426,11.100732384795505,0.23675000000000002,5,1,44,5,B,1
3,B,12,17,3,2.73,2.82,0.2569,0.1826,26.753026459413302,0.33999999999999997,5,1,44,2,B,3
12,B,11,18,12,2.88,2.88,0.2746,0.1595,26.68482098598745,0.50225,5,1,45,3,B,12
17,B,11,17,17,3.26,3.17,0.2869,0.1792,12.089743443463622,0.6487499999999999,5,1,45,2,B,17
14,B,11,19,14,2.59,2.13,0.2453,0.1796,9.991873660136436,0.58,5,1,45,4,B,14
28,B,10,17,28,1.1,1.56,0.1061,0.2292,22.511387651766686,0.959,5,1,46,2,B,28
18,B,10,20,18,1.01,1.18,0.1213,0.1644,7.693704178409291,0.6415,5,1,46,5,B,18
25,B,9,18,25,2.8,2.26,0.3169,0.1504,30.260638722706716,0.76325,5,1,47,3,B,25
21,B,9,19,21,0.7,0.94,0.0781,0.2334,5.830515737335397,0.7795,4,1,47,4,B,21
16,B,9,16,16,2.77,2.9,0.3444,0.2428,27.007009443542223,0.60675,5,1,47,1,B,16
3,B,9,20,3,1.1,1.51,0.1275,0.1824,24.478437308647514,0.33999999999999997,5,1,47,5,B,3
29,B,8,16,29,1.89,1.78,0.224,0.1908,10.335924634219625,0.9465,5,1,48,1,B,29
22,B,8,20,22,0.51,0.86,0.0688,0.1688,6.722416400754064,0.7705,5,1,48,5,B,22
26,B,8,19,26,1.16,1.31,0.1277,0.1483,23.148880631547186,0.8365,5,1,48,4,B,26
1,B,7,19,1,2.96,3.56,0.3193,0.3137,14.488649113265458,0.23675000000000002,5,1,49,4,B,1
10,B,6,19,10,2.11,1.74,0.2535,0.2001,29.192177161815586,0.4385,5,1,50,4,B,10
5,B,6,20,5,1.1,1.74,0.1165,0.2038,7.917596885367898,0.36174999999999996,5,1,50,5,B,5
14,B,5,17,14,0.35,0.6,0.0307,0.1417,6.3762355903259795,0.58,4,1,51,2,B,14
12,B,5,16,12,1.27,1.07,0.0627,0.0716,23.737203550234344,0.50225,3,1,51,1,B,12
9,B,5,20,9,1.85,1.91,0.1831,0.2148,23.600716537798892,0.46725000000000005,5,1,51,5,B,9
15,B,5,19,15,0.24,0.89,0.0195,0.2121,6.788675862995741,0.63375,1,1,51,4,B,15
1,B,4,18,1,1.42,1.35,0.1549,0.1791,7.3713318956938,0.23675000000000002,5,1,52,3,B,1
16,B,4,17,16,1.77,1.42,0.1858,0.1059,24.180944810615713,0.60675,5,1,52,2,B,16
17,B,4,19,17,3.6,2.71,0.3585,0.2528,29.31886439154506,0.6487499999999999,5,1,52,4,B,17
24,B,3,17,24,1.48,1.05,0,0.0736,8.885372968573504,0.72325,5,1,53,2,B,24
25,B,3,19,25,2.86,1.19,0.3193,0.1033,7.697881446716693,0.76325,5,1,53,4,B,25
23,B,3,20,23,1.5,1.1,0.1627,0.0976,24.508229662281487,0.787,5,1,53,5,B,23
27,B,2,20,27,2.59,1.67,0.2545,0.1782,7.7198770780166655,0.88425,5,1,54,5,B,27
9,B,2,18,9,1.54,1.62,0.1447,0.2022,8.27780545719853,0.46725000000000005,5,1,54,3,B,9
29,B,1,18,29,1.32,1.28,0.1395,0.1464,23.56807806357308,0.9465,5,1,55,3,B,29
7,B,1,15,7,0.56,0.48,0.0401,0.0612,18.812058423439357,0.31875,1,1,56,5,B,7
23,B,1,11,23,0.99,0.84,0.1069,0.1398,23.07483078577016,0.787,4,1,56,1,B,23
15,B,2,15,15,1.1,0.94,0.0615,0.1195,7.13393120882158,0.63375,3,1,57,5,B,15
13,B,2,13,13,1.64,1.14,0.1714,0.106,7.081129016104352,0.5075000000000001,5,1,57,3,B,13
12,B,2,12,12,2.62,1.7,0.2641,0.1537,24.056520532002693,0.50225,5,1,57,2,B,12
10,B,2,11,10,0.72,0.75,0.0828,0.1474,6.4168102404559875,0.4385,5,1,57,1,B,10
17,B,3,11,17,3.92,2.31,0.3788,0.2124,25.62215942585697,0.6487499999999999,5,1,58,1,B,17
8,B,3,15,8,0.46,0.67,0.0541,0.0979,19.47372758125389,0.42325,1,1,58,5,B,8
24,B,4,15,24,1.26,0.8,0.1411,0.0781,7.473215406323332,0.72325,5,1,59,5,B,24
20,B,4,12,20,1.76,1.33,0.1932,0.1058,24.453430747990918,0.7060000000000001,5,1,59,2,B,20
5,B,4,14,5,0.8,1.18,0.0629,0.149,22.219942367642716,0.36174999999999996,5,1,59,4,B,5
25,B,5,15,25,2.13,1.49,0.2564,0.1348,26.565315615123357,0.76325,5,1,60,5,B,25
16,B,5,13,16,3.84,2.56,0.4352,0.1963,26.167346819761335,0.60675,5,1,60,3,B,16
28,B,5,14,28,2.83,2.6,0.2889,0.271,8.85623984999867,0.959,5,1,60,4,B,28
3,B,6,14,3,0.14,0.48,0.0125,0.1029,19.162074207047983,0.33999999999999997,1,1,61,4,B,3
1,B,6,13,1,1.1,1.39,0.1119,0.1799,7.4026645773986335,0.23675000000000002,5,1,61,3,B,1
2,B,7,14,2,3.06,2.3,0.364,0.2402,11.415986196632069,0.32425000000000004,5,1,62,4,B,2
10,B,7,11,10,2.55,1.7,0.3036,0.2046,28.15718445777283,0.4385,5,1,62,1,B,10
9,B,7,12,9,2.88,2.87,0.2646,0.2591,10.465781263271861,0.46725000000000005,5,1,62,2,B,9
29,B,8,15,29,1.87,2.12,0.2303,0.2116,11.719880881295854,0.9465,5,1,63,5,B,29
14,B,8,13,14,3.34,2.95,0.3811,0.1894,12.561616292233833,0.58,5,1,63,3,B,14
13,B,8,14,13,0.24,0.62,0.008,0.0755,19.12973999515716,0.5075000000000001,1,1,63,4,B,13
20,B,9,11,20,1.56,1.68,0.1944,0.1749,26.352103783882463,0.7060000000000001,5,1,64,1,B,20
16,B,9,15,16,1.53,1.68,0.2428,0.2128,23.892351985882225,0.60675,5,1,64,5,B,16
23,B,10,14,23,1.15,1.03,0.1225,0.1324,23.65919829410251,0.787,5,1,65,4,B,23
21,B,10,13,21,1.42,1.36,0.1345,0.2419,8.141299428367137,0.7795,5,1,65,3,B,21
28,B,11,13,28,1.66,1.66,0.1665,0.2009,23.530431938417305,0.959,5,1,66,3,B,28
27,B,11,12,27,0.55,0.77,0.056,0.1414,6.695596943684845,0.88425,4,1,66,2,B,27
2,A,33,1,2,1.76,2.3,0.1274,0.1754,5.616252304676654,0.32425000000000004,5,1,67,1,A,2
18,A,33,4,18,1.74,2.46,0.1458,0.1771,20.311875050379815,0.6415,5,1,67,4,A,18
1,A,32,3,1,3.6,5.01,0.2806,0.2835,23.112474618168978,0.23675000000000002,5,1,68,3,A,1
11,A,32,4,11,0.49,0.93,0.0463,0.1915,2.324169644673558,0.509,4,1,68,4,A,11
8,A,31,3,8,3.89,4.1,0.3071,0.239,11.988598487901807,0.42325,5,1,69,3,A,8
3,A,31,5,3,1.54,2.02,0.1349,0.2478,4.105177701605629,0.33999999999999997,5,1,69,5,A,3
5,A,30,2,5,1.22,1.5,0.093,0.1193,4.585925894649567,0.36174999999999996,5,1,70,2,A,5
12,A,30,3,12,3.02,2.86,0.2387,0.1969,24.258306751982886,0.50225,5,1,70,3,A,12
16,A,30,1,16,4.36,6.08,0.3329,0.3064,26.841016015343612,0.60675,5,1,70,1,A,16
7,A,30,4,7,1.01,1.16,0.0803,0.0971,4.163093698140777,0.31875,5,1,70,4,A,7
25,A,29,1,25,2.12,1.89,0.1487,0.1096,6.316055135670445,0.76325,5,1,71,1,A,25
19,A,29,3,19,1.45,1.98,0.1129,0.1525,7.2479313887684045,0.67125,5,1,71,3,A,19
14,A,28,2,14,3.38,3.86,0.2756,0.2355,10.381831023218858,0.58,5,1,72,2,A,14
23,A,28,4,23,1.03,1.12,0.0914,0.1517,3.623309957098788,0.787,4,1,72,4,A,23
17,A,28,5,17,2.9,1.8,0.3166,0.2054,20.420810606438636,0.6487499999999999,5,1,72,5,A,17
21,A,27,5,21,1.87,1.32,0.1952,0.161,3.6042200052970776,0.7795,5,1,73,5,A,21
13,A,27,2,13,3.78,3.9,0.3063,0.2523,19.311021632293237,0.5075000000000001,5,1,73,2,A,13
19,A,26,4,19,1.78,2.54,0.1387,0.1746,8.4013252930346,0.67125,5,1,74,4,A,19
14,A,26,1,14,6.89,6.72,0.536,0.4107,27.252128107395052,0.58,5,1,74,1,A,14
6,A,26,2,6,4.07,5.34,0.3079,0.2505,14.548737593770431,0.3225,5,1,74,2,A,6
27,A,26,3,27,3.88,3.89,0.2789,0.2464,23.837278632688598,0.88425,5,1,74,3,A,27
12,A,25,2,12,0.27,0.81,0.0158,0.0789,15.724183463137328,0.50225,2,1,75,2,A,12
9,A,25,1,9,1.09,1.23,0.0916,0.2324,3.9982381458692386,0.46725000000000005,5,1,75,1,A,9
1,A,25,4,1,5.51,5.8,0.3923,0.3429,26.07162186541584,0.23675000000000002,5,1,75,4,A,1
7,A,24,1,7,1.77,2.07,0.1463,0.1444,21.03956430895526,0.31875,5,1,76,1,A,7
23,A,24,3,23,2.18,2.92,0.1726,0.177,21.798287534082345,0.787,5,1,76,3,A,23
18,A,24,2,18,1.84,2.1,0.1625,0.1491,6.804429073535978,0.6415,5,1,76,2,A,18
17,A,23,1,17,3.55,3.98,0.2698,0.2246,11.045206848328286,0.6487499999999999,5,1,77,1,A,17
10,A,23,4,10,3.07,2.99,0.2451,0.214,21.872190725507732,0.4385,5,1,77,4,A,10
14,A,22,3,14,3.98,3.5,0.2955,0.22,24.940356695493517,0.58,5,1,78,3,A,14
16,A,22,5,16,5.64,5.46,0.4318,0.2374,27.249844222410736,0.60675,5,1,78,5,A,16
25,A,21,2,25,3.48,2.9,0.2435,0.1318,21.851699735018162,0.76325,5,1,79,2,A,25
2,A,21,3,2,1.33,1.08,0.1074,0.0676,4.500884765527538,0.32425000000000004,5,1,79,3,A,2
19,A,21,1,19,2.9,3.87,0.2082,0.2111,10.580298709125175,0.67125,5,1,79,1,A,19
3,A,20,1,3,2.92,3.32,0.2573,0.2212,24.348293099852476,0.33999999999999997,5,1,80,1,A,3
26,A,20,5,26,1.08,1.49,0.1056,0.1494,19.10142880356414,0.8365,4,1,80,5,A,26
12,A,20,4,12,1.92,2.24,0.1394,0.1351,7.807412838120535,0.50225,5,1,80,4,A,12
7,A,20,3,7,2.27,2.18,0.1715,0.1457,21.514273321536457,0.31875,5,1,80,3,A,7
17,A,20,2,17,0.41,0.91,0.0123,0.105,3.396309702480798,0.6487499999999999,2,1,80,2,A,17
25,A,19,5,25,1.99,1.12,0.1744,0.1034,4.1282724489260625,0.76325,5,1,81,5,A,25
13,A,19,3,13,0.08,0.82,0.0032,0.0747,4.1453919901530645,0.5075000000000001,1,1,81,3,A,13
27,A,19,4,27,3.06,2.93,0.2241,0.219,23.10113835992748,0.88425,5,1,81,4,A,27
16,A,18,3,16,1.3,1.58,0.0977,0.1276,22.77568794838036,0.60675,5,1,82,3,A,16
24,A,18,4,24,1.34,1.28,0.1108,0.1032,5.86790828122621,0.72325,5,1,82,4,A,24
4,A,18,2,4,1.95,1.87,0.2283,0.1729,4.767971359954347,0.30775,5,1,82,2,A,4
9,A,17,2,9,1.59,1.46,0.1554,0.2169,18.719744921394692,0.46725000000000005,5,1,83,2,A,9
18,A,17,5,18,0.81,0.65,0.0895,0.1269,2.777434448662488,0.6415,5,1,83,5,A,18
11,A,17,4,11,1.112,1.05,0.0991,0.0991,19.03097383064449,0.509,5,1,83,4,A,11
23,A,16,5,23,1.06,0.86,0.1218,0.1032,18.895680834430493,0.787,4,1,84,5,A,23
29,A,16,4,29,1.57,1.09,0.0902,0.0839,7.69513142254687,0.9465,1,1,84,4,A,29
23,A,15,2,23,1.9,1.24,0.1763,0.1382,19.14477143877077,0.787,5,1,85,2,A,23
12,A,15,5,12,0.93,0.73,0.0972,0.1269,2.7040238598807775,0.50225,4,1,85,5,A,12
13,A,14,4,13,1.38,1.13,0.114,0.1107,6.200741334991549,0.5075000000000001,5,1,86,4,A,13
3,A,14,2,3,2.8,1.97,0.2571,0.1817,7.243286849556593,0.33999999999999997,5,1,86,2,A,3
18,A,14,1,18,1.73,1.5,0.1634,0.2168,16.448334939090003,0.6415,5,1,86,1,A,18
7,A,13,5,7,0.04,0.59,0.0019,0.1103,3.151351842397862,0.31875,1,1,87,5,A,7
17,A,12,4,17,4.16,3.53,0.3435,0.2416,9.884104032560396,0.6487499999999999,5,1,88,4,A,17
11,A,11,2,11,2.42,2.79,0.1702,0.1647,19.55388753049978,0.509,5,1,89,2,A,11
24,A,10,1,24,1.96,2.33,0.167,0.1454,23.303732392654208,0.72325,5,0,90,1,A,24
16,A,10,2,16,1.69,1,0.0921,0.0685,4.44016669161667,0.60675,1,1,90,2,A,16
26,A,10,4,26,4.53,3.89,0.3268,0.2282,10.868477653113057,0.8365,5,1,90,4,A,26
28,A,9,2,28,0.39,0.96,0.0296,0.3233,14.742093727568987,0.959,4,1,91,2,A,28
4,A,9,5,4,1.69,1.32,0.141,0.1403,4.995304281292743,0.30775,5,1,91,5,A,4
25,A,9,3,25,3.12,2.02,0.2248,0.1125,7.173945030662915,0.76325,5,1,91,3,A,25
26,A,8,1,26,3.49,3.06,0.2466,0.2042,23.25238656384706,0.8365,5,1,92,1,A,26
19,A,8,2,19,1.51,1.55,0.1476,0.1386,4.244520275396865,0.67125,5,1,92,2,A,19
14,A,7,5,14,0.55,0.72,0.028,0.1133,4.875045261866286,0.58,3,1,93,5,A,14
28,A,7,4,28,0.7,0.89,0.0401,0.0401,17.264948571004513,0.959,3,1,93,4,A,28
10,A,7,3,10,1.37,1.04,0.0682,0.0915,6.211994426552946,0.4385,3,1,93,3,A,10
6,A,6,3,6,2.79,3.77,0.2091,0.2142,24.607395692989563,0.3225,5,1,94,3,A,6
12,A,6,4,12,0.15,0.81,0.0062,0.1098,3.352359310765735,0.50225,2,1,94,4,A,12
10,A,5,2,10,3.22,3.05,0.3045,0.2788,20.797766782716174,0.4385,5,1,95,2,A,10
18,A,5,1,18,2.07,1.91,0.1419,0.1116,7.234068142939212,0.6415,5,1,95,1,A,18
5,A,5,4,5,2.19,2.43,0.1548,0.0905,23.45972749477649,0.36174999999999996,5,1,95,4,A,5
17,A,5,3,17,3.11,3.54,0.2254,0.1823,11.673383975444079,0.6487499999999999,5,1,95,3,A,17
23,A,5,5,23,3.02,3.38,0.2236,0.1816,11.260621344664473,0.787,5,1,95,5,A,23
24,A,4,1,24,3.25,4.42,0.2891,0.2525,24.87780255718349,0.72325,5,1,96,1,A,24
16,A,4,4,16,5.17,5.07,0.3463,0.2203,14.591651600702695,0.60675,5,1,96,4,A,16
25,A,3,4,25,2.16,2.11,0.1448,0.1125,24.32629871168415,0.76325,5,1,97,4,A,25
9,A,2,4,9,2.05,2.39,0.15310000000000001,0.2185,8.311083047687774,0.46725000000000005,5,1,98,4,A,9
24,A,2,2,24,1.5,1.86,0.1129,0.1122,7.185665135120265,0.72325,5,1,98,2,A,24
7,A,1,3,7,1.08,1.45,0.0972,0.1252,5.951842653759198,0.31875,5,1,99,3,A,7
13,A,1,2,13,1.94,2.22,0.1845,0.2368,22.602867587129893,0.5075000000000001,5,1,99,2,A,13
11,B,12,13,11,2.26,2,0.1992,0.2118,9.081647529833555,0.509,5,1,67,3,B,11
21,B,13,12,21,3.19,2.04,0.2266,0.1652,8.491866687457925,0.7795,5,1,68,2,B,21
24,B,14,13,24,1.09,0.89,0.1117,0.0969,7.596010613684452,0.72325,5,1,69,3,B,24
2,B,14,14,2,1.46,1.12,0.1635,0.1744,24.901412664666143,0.32425000000000004,5,1,69,4,B,2
5,B,15,12,5,0.16,1.05,0.0131,0.136,7.170873727327702,0.36174999999999996,2,1,70,2,B,5
28,B,16,13,28,3.06,3.12,0.2487,0.2212,10.519096898679376,0.959,5,1,71,3,B,28
9,B,17,15,9,1.72,2.33,0.1666,0.1948,24.605359073926873,0.46725000000000005,5,1,72,5,B,9
14,B,18,11,14,2.53,2.743,0.2304,0.2207,10.990018927652756,0.58,5,1,73,1,B,14
6,B,18,14,6,1.98,2.72,0.1855,0.1859,25.705438562461886,0.3225,5,1,73,4,B,6
12,B,18,15,12,1.49,2.2,0.1624,0.2038,9.155919233563178,0.50225,5,1,73,5,B,12
25,B,19,12,25,0.84,0.82,0.0687,0.0636,7.27127395907418,0.76325,5,1,74,2,B,25
22,B,20,14,22,0.64,0.92,0.0595,0.0958,22.054918083705104,0.7705,5,1,75,4,B,22
26,B,20,11,26,1.07,1.21,0.0972,0.1121,8.469826684567435,0.8365,5,1,75,1,B,26
23,B,20,13,23,0.95,1.2,0.091,0.1414,6.911166808021877,0.787,5,1,75,3,B,23
27,B,21,14,27,0.73,0.92,0.0678,0.1698,6.9289281218266385,0.88425,4,1,76,4,B,27
5,B,21,13,5,2.55,2.24,0.2789,0.2154,24.790921065475988,0.36174999999999996,5,1,76,3,B,5
29,B,21,12,29,1.22,1.11,0.1362,0.10780000000000001,8.559343199039546,0.9465,5,1,76,2,B,29
3,B,22,12,3,2.78,2.54,0.293,0.1793,29.17594983728304,0.33999999999999997,5,1,77,2,B,3
8,B,22,13,8,2.31,2.47,0.2116,0.245,11.56302097001368,0.42325,5,1,77,3,B,8
6,B,22,11,6,1.22,0.98,0.1282,0.1084,7.839528241249605,0.3225,5,1,77,1,B,6
12,B,23,13,12,2.76,2.27,0.2597,0.1829,27.077940600385652,0.50225,5,1,78,3,B,12
13,B,23,11,13,1.82,1.77,0.2033,0.1938,27.468607099708038,0.5075000000000001,5,1,78,1,B,13
10,B,23,15,10,0.61,0.59,0.0311,0.0734,20.737525561205537,0.4385,1,1,78,5,B,10
19,B,24,14,19,3.38,3.48,0.2932,0.27,27.57595465477001,0.67125,5,1,79,4,B,19
25,B,25,13,25,2.19,1.39,0.1913,0.0866,23.34991563059003,0.76325,5,1,80,3,B,25
23,B,25,12,23,1.5,1.46,0.126,0.1703,7.790148999800962,0.787,5,1,80,2,B,23
3,B,25,15,3,2.06,1.82,0.187,0.1529,23.36204175239892,0.33999999999999997,5,1,80,5,B,3
29,B,26,11,29,1.54,1.13,0.0691,0.0495,7.627806027690408,0.9465,3,1,81,1,B,29
30,B,26,13,30,2.37,2.01,0.1829,0.1857,9.194211916180798,1.00625,5,1,81,3,B,30
22,B,26,15,22,3,2.56,0.272,0.1737,12.453615840911366,0.7705,5,1,81,5,B,22
26,B,26,14,26,2.09,1.63,0.155,0.1353,23.97788773480495,0.8365,5,1,81,4,B,26
27,B,27,13,27,3.04,2.22,0.2194,0.1603,26.84254931268406,0.88425,5,1,82,3,B,27
4,B,27,15,4,2.9,2.38,0.2879,0.1614,28.580210524180615,0.30775,5,1,82,5,B,4
6,B,28,13,6,3.54,3.58,0.1285,0.1836,13.168188612221456,0.3225,5,1,83,3,B,6
10,B,28,14,10,2.73,2.09,0.1836,0.2376,26.982414904797587,0.4385,5,1,83,4,B,10
5,B,28,15,5,2.17,1.87,0.1501,0.2003,9.895441516342057,0.36174999999999996,5,1,83,5,B,5
14,B,29,12,14,2.87,3.07,0.1903,0.2752,11.568878019962145,0.58,5,1,84,2,B,14
12,B,29,11,12,2.17,2.82,0.1265,0.2141,27.360340418842462,0.50225,5,1,84,1,B,12
9,B,29,15,9,0.73,1.31,0,0.0675,22.680253247683485,0.46725000000000005,4,1,84,5,B,9
21,B,29,13,21,1.7,1.93,0.2078,0.1395,25.169524830975938,0.7795,5,1,84,3,B,21
13,B,30,11,13,1.72,1.69,0.1757,0.1974,10.644142379559657,0.5075000000000001,5,1,85,1,B,13
17,B,30,14,17,2.31,2.64,0.2475,0.1891,25.59071264577652,0.6487499999999999,5,1,85,4,B,17
18,B,31,11,18,1.02,1.16,0.1212,0.181,23.105288713261906,0.6415,5,1,86,1,B,18
24,B,31,12,24,0.62,0.98,0.067,0.0578,7.950032518037052,0.72325,5,1,86,2,B,24
25,B,31,14,25,1.75,1.17,0.2041,0.1261,9.178821313069461,0.76325,5,1,86,4,B,25
19,B,31,13,19,1.85,3.23,0.1987,0.2609,27.09844661400393,0.67125,5,1,86,3,B,19
23,B,31,15,23,1.01,1.69,0.1231,0.1737,24.585182677838166,0.787,5,1,86,5,B,23
9,B,32,13,9,0.78,1.33,0.0848,0.1539,7.221628488082425,0.46725000000000005,5,1,87,3,B,9
28,B,32,11,28,0.58,1.08,0.0736,0.2198,6.450659425223095,0.959,4,1,87,1,B,28
3,B,33,14,3,2.11,3.3,0.2464,0.2297,12.751805606794179,0.33999999999999997,5,1,88,4,B,3
26,B,33,15,26,0.9,1.28,0.0993,0.148,22.101932953258967,0.8365,5,1,88,5,B,26
5,B,34,13,5,1.61,2,0.1552,0.1198,9.078459114114857,0.36174999999999996,5,1,89,3,B,5
8,B,34,14,8,0.96,1.27,0.1036,0.111,21.678196941402877,0.42325,5,1,89,4,B,8
6,B,34,12,6,0.7,1.4,0.0729,0.1053,21.055371941688122,0.3225,5,1,89,2,B,6
7,B,34,15,7,0.75,1.33,0.0805,0.1429,6.585967421110482,0.31875,5,1,89,5,B,7
12,B,35,12,12,2.83,2.89,0.2836,0.1359,13.53640308674139,0.50225,5,1,90,2,B,12
10,B,35,11,10,1.41,1.25,0.1589,0.1109,24.75591188055675,0.4385,5,1,90,1,B,10
14,B,36,13,14,3.53,4.04,0.3022,0.2051,11.039385491504108,0.58,5,1,91,3,B,14
19,B,36,12,19,1.78,2.8,0.1471,0.1515,25.76129605612626,0.67125,5,1,91,2,B,19
8,B,36,15,8,0.98,1.21,0.0792,0.1166,7.069452948999294,0.42325,5,1,91,5,B,8
24,B,37,15,24,1.67,1.71,0.1569,0.0771,23.611023424396514,0.72325,5,1,92,5,B,24
5,B,37,14,5,3.77,4.07,0.2857,0.1938,8.785308693155239,0.36174999999999996,5,1,92,4,B,5
21,B,37,11,21,2.43,1.98,0.1971,0.1822,25.35785687753314,0.7795,5,1,92,1,B,21
25,B,38,15,25,3.1,2.25,0.292,0.1113,9.821873419262088,0.76325,5,1,93,5,B,25
28,B,38,14,28,1.01,1.47,0.0857,0.0924,23.757221476356914,0.959,5,1,93,4,B,28
3,B,39,14,3,2.15,2.06,0.1874,0.1064,8.543077841715126,0.33999999999999997,5,1,94,4,B,3
7,B,40,15,7,0.45,0.68,0.0579,0.1652,6.483741615354091,0.31875,4,1,95,5,B,7
10,B,40,11,10,0.54,0.65,0.043,0.0623,7.342401618675622,0.4385,4,1,95,1,B,10
6,B,40,13,6,2.9,2.35,0.2873,0.1442,11.235095899684708,0.3225,5,1,95,3,B,6
13,B,41,14,13,1.93,1.91,0.1928,0.1096,8.833578644840916,0.5075000000000001,5,1,96,4,B,13
19,B,42,14,19,1.48,1.96,0.1634,0.1822,23.32448437042418,0.67125,5,1,97,4,B,19
23,B,43,14,23,1.65,1.96,0.1922,0.1674,8.63008419192361,0.787,5,1,98,4,B,23
22,B,43,11,22,1.53,2,0.1794,0.1627,25.019453773043114,0.7705,5,1,98,1,B,22
24,B,43,15,24,1.25,1.14,0.1641,0.1012,21.326685201313904,0.72325,5,1,98,5,B,24
21,B,43,13,21,3.1,2.49,0.3316,0.2369,25.309358729096225,0.7795,5,1,98,3,B,21
28,B,44,13,28,1.66,2.37,0.1874,0.2468,8.399345582427836,0.959,5,1,99,3,B,28
27,B,44,12,27,1.08,1.34,0.1301,0.1355,21.763250941628538,0.88425,5,1,99,2,B,27
26,B,44,14,26,1.21,1.6,0.118,0.1222,22.854215237711287,0.8365,5,1,99,4,B,26
28,A,28,1,28,3.38,4.27,0.2676,0.3084,21.937028748802078,NA,5,1,72,1,A,28
22,A,12,1,22,1.64,1.9,0.1512,0.1361,18.59951149171596,NA,5,1,88,1,A,22
30,A,4,5,30,1.13,1.72,0.0896,0.1347,19.59804264019663,NA,5,1,96,5,A,30
4,B,6,11,4,1.26,1.13,0.15189999999999998,0.156,8.29029922932886,NA,5,1,61,1,B,4
15,B,8,11,15,0.36,0.77,0.0346,0.2026,5.93844646187276,NA,4,1,63,1,B,15
