	percentage	filename	camera	QRcode
0	17.556396605264066	14.09.13.622.jpg	A	A_42_1
1	12.03976518847489	14.09.21.672.jpg	A	A_42_2
2	19.722747878290043	14.09.29.924.jpg	A	A_42_3
3	2.377728986658785	14.09.37.974.jpg	A	A_42_4
4	15.023318657613013	14.09.46.242.jpg	A	A_42_5
5	4.672534395819659	14.11.55.441.jpg	A	A_43_1
6	22.290755831583635	14.12.03.678.jpg	A	A_43_2
7	2.274429572536059	14.12.11.743.jpg	A	A_43_3
8	14.427595728047516	14.12.19.996.jpg	A	A_43_4
9	11.66690337183311	14.12.28.045.jpg	A	A_43_5
10	24.84035196139019	14.13.18.605.jpg	A	A_44_1
11	2.5141607266464763	14.13.26.670.jpg	A	A_44_2
12	26.98749173131277	14.13.34.938.jpg	A	A_44_3
13	6.17421756147617	14.13.42.988.jpg	A	A_44_4
14	20.473704614983053	14.13.51.256.jpg	A	A_44_5
15	3.8065517431096407	14.15.55.026.jpg	A	A_45_1
16	14.35790844755957	14.16.03.279.jpg	A	A_45_2
17	4.2637317785002615	14.16.11.313.jpg	A	A_45_3
18	13.814618911079465	14.16.19.581.jpg	A	A_45_4
19	2.5680655302259705	14.16.27.646.jpg	A	A_45_5
20	23.18981323322624	14.17.17.192.jpg	A	A_46_1
21	8.833069119188089	14.17.25.257.jpg	A	A_46_2
22	14.113091331089112	14.17.33.494.jpg	A	A_46_3
23	2.9206858564184843	14.17.41.543.jpg	A	A_46_4
24	24.62964597863512	14.17.49.796.jpg	A	A_46_5
25	14.843281987504525	14.18.41.884.jpg	A	A_47_1
26	26.32388559847383	14.18.50.137.jpg	A	A_47_2
27	3.4156875389443973	14.18.58.186.jpg	A	A_47_3
28	13.82202074560848	14.19.06.439.jpg	A	A_47_4
29	2.9966490225356113	14.19.14.488.jpg	A	A_47_5
30	13.8995576812106	14.21.40.099.jpg	A	A_48_1
31	2.4149556721595062	14.21.48.149.jpg	A	A_48_2
32	12.510661328645293	14.21.56.401.jpg	A	A_48_3
33	6.65401893385434	14.22.04.451.jpg	A	A_48_4
34	23.30957965000902	14.22.12.703.jpg	A	A_48_5
35	2.4968620571854094	14.23.09.097.jpg	A	A_49_1
36	12.357589855200413	14.23.17.350.jpg	A	A_49_2
37	11.72528638126421	14.23.25.399.jpg	A	A_49_3
38	14.23263383757931	14.23.33.636.jpg	A	A_49_4
39	1.428259782000939	14.23.41.717.jpg	A	A_49_5
40	13.756005593918852	14.24.38.688.jpg	A	A_50_1
41	2.3500792642435737	14.24.46.738.jpg	A	A_50_2
42	12.22902056520076	14.24.54.990.jpg	A	A_50_3
43	2.1461033851397775	14.25.03.087.jpg	A	A_50_4
44	21.859773300424916	14.25.11.323.jpg	A	A_50_5
45	2.4659240521877313	14.26.07.905.jpg	A	A_51_1
46	12.756751535064993	14.26.16.157.jpg	A	A_51_2
47	3.7142111384494916	14.26.24.207.jpg	A	A_51_3
48	13.454590352921006	14.26.32.459.jpg	A	A_51_4
49	2.214799062903438	14.26.40.524.jpg	A	A_51_5
50	22.133500434385965	14.27.30.897.jpg	A	A_52_1
51	2.2511940816031464	14.27.38.962.jpg	A	A_52_2
52	12.948354771144487	14.27.47.230.jpg	A	A_52_3
53	3.812143102987219	14.27.55.280.jpg	A	A_52_4
54	14.427723676786133	14.28.03.532.jpg	A	A_52_5
55	2.617703243372575	14.28.53.873.jpg	A	A_53_1
56	14.036002216072152	14.29.02.141.jpg	A	A_53_2
57	6.32087880311632	14.29.10.191.jpg	A	A_53_3
58	14.10901616376415	14.29.18.428.jpg	A	A_53_4
59	7.181334070318068	14.29.26.493.jpg	A	A_53_5
60	12.994269175997328	14.30.16.491.jpg	A	A_54_1
61	2.7102485660145117	14.30.24.556.jpg	A	A_54_2
62	22.37797208926216	14.30.32.793.jpg	A	A_54_3
63	12.424539032681945	14.30.40.843.jpg	A	A_54_4
64	13.739218719412255	14.30.49.111.jpg	A	A_54_5
65	2.1469094621930673	14.31.38.906.jpg	A	A_55_1
66	12.694050255705555	14.31.47.174.jpg	A	A_55_2
67	2.743879891960085	14.31.55.224.jpg	A	A_55_3
68	14.362655345762274	14.32.03.445.jpg	A	A_55_4
69	5.985435595083185	14.32.11.526.jpg	A	A_55_5
70	22.92766546011006	14.33.02.039.jpg	A	A_56_1
71	3.186333027535848	14.33.10.088.jpg	A	A_56_2
72	20.927295688255455	14.33.18.341.jpg	A	A_56_3
73	2.9455015142733214	14.33.26.406.jpg	A	A_56_4
74	18.845198659609014	14.33.34.674.jpg	A	A_56_5
75	2.472449437857217	14.34.24.547.jpg	A	A_57_1
76	27.800695529343123	14.34.32.815.jpg	A	A_57_2
77	2.272503944019868	14.34.40.865.jpg	A	A_57_3
78	18.651682589887187	14.34.49.117.jpg	A	A_57_4
79	3.0757533301857944	14.34.57.182.jpg	A	A_57_5
80	19.162786621168095	14.35.47.399.jpg	A	A_58_1
81	2.4974698136938414	14.35.55.448.jpg	A	A_58_2
82	13.277848362831914	14.36.03.685.jpg	A	A_58_3
83	3.6169061227309887	14.36.11.751.jpg	A	A_58_4
84	13.048525838608018	14.36.20.003.jpg	A	A_58_5
85	3.794524561679609	14.37.09.923.jpg	A	A_59_1
86	20.988340031449802	14.37.18.175.jpg	A	A_59_2
87	12.259126903397423	14.37.26.225.jpg	A	A_59_3
88	18.311569252894518	14.37.34.477.jpg	A	A_59_4
89	11.190588602582261	14.37.42.543.jpg	A	A_59_5
90	17.547382616628475	14.38.33.087.jpg	A	A_60_1
91	5.780519292750553	14.38.41.136.jpg	A	A_60_2
92	22.649466517734336	14.38.49.389.jpg	A	A_60_3
93	10.10716346602897	14.38.57.423.jpg	A	A_60_4
94	16.851194337500626	14.39.05.691.jpg	A	A_60_5
95	2.262453570601474	14.39.55.595.jpg	A	A_61_1
96	12.983918123043184	14.40.03.863.jpg	A	A_61_2
97	11.662936960935971	14.40.11.913.jpg	A	A_61_3
98	27.064683205320623	14.40.20.150.jpg	A	A_61_4
99	2.3934155020132732	14.40.28.215.jpg	A	A_61_5
100	18.17966050081695	14.41.17.854.jpg	A	A_62_1
101	8.670555028833249	14.41.25.935.jpg	A	A_62_2
102	13.692255134902753	14.41.34.172.jpg	A	A_62_3
103	16.29029265714984	14.41.42.221.jpg	A	A_62_4
104	20.029460197066648	14.41.50.490.jpg	A	A_62_5
105	4.211573475202894	14.42.40.722.jpg	A	A_63_1
106	13.14256176405485	14.42.48.225.jpg	A	A_63_2
107	6.124918912486901	14.42.56.275.jpg	A	A_63_3
108	28.586735810165013	14.43.04.527.jpg	A	A_63_4
109	2.9421044752630308	14.43.12.592.jpg	A	A_63_5
110	23.248439345260717	14.44.03.059.jpg	A	A_64_1
111	7.6064501518111785	14.44.11.108.jpg	A	A_64_2
112	13.355468465114138	14.44.19.376.jpg	A	A_64_3
113	11.8216765635016	14.44.27.410.jpg	A	A_64_4
114	20.248572411948874	14.44.35.678.jpg	A	A_64_5
115	4.087111339712857	14.45.25.661.jpg	A	A_65_1
116	23.550251227348276	14.45.33.929.jpg	A	A_65_2
117	6.384558890326179	14.45.41.994.jpg	A	A_65_3
118	24.699979400253085	14.45.50.246.jpg	A	A_65_4
119	4.1284771669078495	14.45.58.312.jpg	A	A_65_5
120	22.013203030337923	14.46.48.356.jpg	A	A_66_1
121	2.604198254011513	14.46.56.406.jpg	A	A_66_2
122	11.993006321947174	14.47.04.643.jpg	A	A_66_3
123	3.412328884555692	14.47.12.692.jpg	A	A_66_4
124	13.022008462529572	14.47.20.945.jpg	A	A_66_5
125	5.616252304676654	14.48.10.834.jpg	A	A_67_1
126	14.91611680696246	14.48.19.102.jpg	A	A_67_2
127	2.8198302632033503	14.48.27.151.jpg	A	A_67_3
128	20.311875050379815	14.48.35.404.jpg	A	A_67_4
129	2.5923757905632687	14.48.43.469.jpg	A	A_67_5
130	12.751665572704951	14.49.33.498.jpg	A	A_68_1
131	2.4902535048358225	14.49.41.564.jpg	A	A_68_2
132	23.112474618168978	14.49.49.800.jpg	A	A_68_3
133	2.324169644673558	14.49.57.834.jpg	A	A_68_4
134	13.775153122652942	14.50.06.118.jpg	A	A_68_5
135	2.4176873777289867	14.50.55.570.jpg	A	A_69_1
136	13.697424263942896	14.51.03.822.jpg	A	A_69_2
137	11.988598487901807	14.51.11.872.jpg	A	A_69_3
138	14.071680721835603	14.51.20.109.jpg	A	A_69_4
139	4.105177701605629	14.51.28.190.jpg	A	A_69_5
140	26.841016015343612	14.52.18.250.jpg	A	A_70_1
141	4.585925894649567	14.52.26.284.jpg	A	A_70_2
142	24.258306751982886	14.52.34.537.jpg	A	A_70_3
143	4.163093698140777	14.52.42.602.jpg	A	A_70_4
144	13.61830076398192	14.52.50.854.jpg	A	A_70_5
145	6.316055135670445	14.53.40.728.jpg	A	A_71_1
146	12.99803726634961	14.53.48.996.jpg	A	A_71_2
147	7.2479313887684045	14.53.57.045.jpg	A	A_71_3
148	13.240858382497636	14.54.05.282.jpg	A	A_71_4
149	4.402351441918309	14.54.13.347.jpg	A	A_71_5
150	21.937028748802078	14.55.03.798.jpg	A	A_72_1
151	10.381831023218858	14.55.11.879.jpg	A	A_72_2
152	13.664931681771014	14.55.20.131.jpg	A	A_72_3
153	3.623309957098788	14.55.28.181.jpg	A	A_72_4
154	20.420810606438636	14.55.36.449.jpg	A	A_72_5
155	2.100233762345454	14.56.26.665.jpg	A	A_73_1
156	19.311021632293237	14.56.34.933.jpg	A	A_73_2
157	2.7104148993747144	14.56.42.983.jpg	A	A_73_3
158	13.163782062354537	14.56.51.235.jpg	A	A_73_4
159	3.6042200052970776	14.56.59.316.jpg	A	A_73_5
160	27.252128107395052	14.57.49.454.jpg	A	A_74_1
161	14.548737593770431	14.57.57.972.jpg	A	A_74_2
162	23.837278632688598	14.58.05.756.jpg	A	A_74_3
163	8.4013252930346	14.58.13.806.jpg	A	A_74_4
164	14.923525038928403	14.58.22.058.jpg	A	A_74_5
165	3.9982381458692386	14.59.12.072.jpg	A	A_75_1
166	15.724183463137328	14.59.21.027.jpg	A	A_75_2
167	2.1766127618630873	14.59.28.390.jpg	A	A_75_3
168	26.07162186541584	14.59.36.642.jpg	A	A_75_4
169	2.2521600945797076	14.59.44.692.jpg	A	A_75_5
170	21.03956430895526	15.00.34.362.jpg	A	A_76_1
171	6.804429073535978	15.00.42.427.jpg	A	A_76_2
172	21.798287534082345	15.00.50.680.jpg	A	A_76_3
173	2.5481375141863163	15.00.58.730.jpg	A	A_76_4
174	14.280166793975663	15.01.07.013.jpg	A	A_76_5
175	11.045206848328286	15.01.56.933.jpg	A	A_77_1
176	13.36219856876541	15.02.05.201.jpg	A	A_77_2
177	3.245080690872009	15.02.13.251.jpg	A	A_77_3
178	21.872190725507732	15.02.21.503.jpg	A	A_77_4
179	2.339082070159411	15.02.29.568.jpg	A	A_77_5
180	21.103532280827007	15.03.19.145.jpg	A	A_78_1
181	2.35189613633194	15.03.27.195.jpg	A	A_78_2
182	24.940356695493517	15.03.35.432.jpg	A	A_78_3
183	4.64320854492856	15.03.43.497.jpg	A	A_78_4
184	27.249844222410736	15.03.51.765.jpg	A	A_78_5
185	10.580298709125175	15.04.41.638.jpg	A	A_79_1
186	21.851699735018162	15.04.49.906.jpg	A	A_79_2
187	4.500884765527538	15.04.57.940.jpg	A	A_79_3
188	22.154336886469807	15.05.06.193.jpg	A	A_79_4
189	3.233194253054456	15.05.14.274.jpg	A	A_79_5
190	24.348293099852476	15.06.04.334.jpg	A	A_80_1
191	3.396309702480798	15.06.12.399.jpg	A	A_80_2
192	21.514273321536457	15.06.20.636.jpg	A	A_80_3
193	7.807412838120535	15.06.28.670.jpg	A	A_80_4
194	19.10142880356414	15.06.36.954.jpg	A	A_80_5
195	3.393590791785179	15.07.26.889.jpg	A	A_81_1
196	20.406038924565262	15.07.35.142.jpg	A	A_81_2
197	4.1453919901530645	15.07.43.207.jpg	A	A_81_3
198	23.10113835992748	15.07.51.444.jpg	A	A_81_4
199	4.1282724489260625	15.07.59.509.jpg	A	A_81_5
200	14.296780937685124	15.08.49.538.jpg	A	A_82_1
201	4.767971359954347	15.08.57.619.jpg	A	A_82_2
202	22.77568794838036	15.09.05.856.jpg	A	A_82_3
203	5.86790828122621	15.09.13.921.jpg	A	A_82_4
204	13.724843678628595	15.09.22.174.jpg	A	A_82_5
205	2.9776486348509335	15.10.12.562.jpg	A	A_83_1
206	18.719744921394692	15.10.20.830.jpg	A	A_83_2
207	2.24031204138374	15.10.28.895.jpg	A	A_83_3
208	19.03097383064449	15.10.37.116.jpg	A	A_83_4
209	2.777434448662488	15.10.45.197.jpg	A	A_83_5
210	13.589915336319658	15.11.35.320.jpg	A	A_84_1
211	2.6589986987613283	15.11.43.307.jpg	A	A_84_2
212	14.762328820581322	15.11.51.949.jpg	A	A_84_3
213	7.69513142254687	15.11.59.609.jpg	A	A_84_4
214	18.895680834430493	15.12.07.877.jpg	A	A_84_5
215	3.355698772843648	15.12.58.343.jpg	A	A_85_1
216	19.14477143877077	15.13.06.986.jpg	A	A_85_2
217	3.429576374521312	15.13.14.957.jpg	A	A_85_3
218	12.462111179776935	15.13.22.710.jpg	A	A_85_4
219	2.7040238598807775	15.13.30.776.jpg	A	A_85_5
220	16.448334939090003	15.14.22.037.jpg	A	A_86_1
221	7.243286849556593	15.14.30.009.jpg	A	A_86_2
222	20.02562813234506	15.14.37.575.jpg	A	A_86_3
223	6.200741334991549	15.14.45.609.jpg	A	A_86_4
224	19.792716646002944	15.14.53.877.jpg	A	A_86_5
225	5.232975460711421	15.15.43.844.jpg	A	A_87_1
226	11.923965182589246	15.15.52.096.jpg	A	A_87_2
227	3.8425949027781505	15.16.00.146.jpg	A	A_87_3
228	13.820459770997347	15.16.08.383.jpg	A	A_87_4
229	3.151351842397862	15.16.16.479.jpg	A	A_87_5
230	18.59951149171596	15.17.06.555.jpg	A	A_88_1
231	2.309577091034248	15.17.14.589.jpg	A	A_88_2
232	14.03524092107738	15.17.22.842.jpg	A	A_88_3
233	9.884104032560396	15.17.30.907.jpg	A	A_88_4
234	13.714025612778496	15.17.39.159.jpg	A	A_88_5
235	2.2172172940633064	15.18.28.580.jpg	A	A_89_1
236	19.55388753049978	15.18.36.833.jpg	A	A_89_2
237	8.23064807315597	15.18.44.898.jpg	A	A_89_3
238	13.214481750031668	15.18.53.150.jpg	A	A_89_4
239	6.42450448652252	15.19.01.215.jpg	A	A_89_5
240	23.303732392654208	15.19.51.728.jpg	A	A_90_1
241	4.44016669161667	15.19.59.762.jpg	A	A_90_2
242	13.198942375726588	15.20.08.015.jpg	A	A_90_3
243	10.868477653113057	15.20.16.064.jpg	A	A_90_4
244	14.070740298606765	15.20.24.348.jpg	A	A_90_5
245	1.605379220868951	15.21.14.642.jpg	A	A_91_1
246	14.742093727568987	15.21.22.910.jpg	A	A_91_2
247	7.173945030662915	15.21.30.960.jpg	A	A_91_3
248	13.692498237506125	15.21.39.197.jpg	A	A_91_4
249	4.995304281292743	15.21.47.262.jpg	A	A_91_5
250	23.25238656384706	15.22.38.025.jpg	A	A_92_1
251	4.244520275396865	15.22.45.357.jpg	A	A_92_2
252	13.253090281909454	15.22.53.609.jpg	A	A_92_3
253	8.028661796937675	15.23.01.643.jpg	A	A_92_4
254	15.08637179600365	15.23.09.942.jpg	A	A_92_5
255	2.3750740503324748	15.23.59.769.jpg	A	A_93_1
256	13.083327895511943	15.24.08.021.jpg	A	A_93_2
257	6.211994426552946	15.24.16.055.jpg	A	A_93_3
258	17.264948571004513	15.24.24.308.jpg	A	A_93_4
259	4.875045261866286	15.24.32.357.jpg	A	A_93_5
260	15.201762365925717	15.25.22.402.jpg	A	A_94_1
261	2.1655004139141694	15.25.30.467.jpg	A	A_94_2
262	24.607395692989563	15.25.38.720.jpg	A	A_94_3
263	3.352359310765735	15.25.46.769.jpg	A	A_94_4
264	14.380574566605636	15.25.55.037.jpg	A	A_94_5
265	7.234068142939212	15.26.44.817.jpg	A	A_95_1
266	20.797766782716174	15.26.53.085.jpg	A	A_95_2
267	11.673383975444079	15.27.01.135.jpg	A	A_95_3
268	23.45972749477649	15.27.09.387.jpg	A	A_95_4
269	11.260621344664473	15.27.17.468.jpg	A	A_95_5
270	24.87780255718349	15.28.07.965.jpg	A	A_96_1
271	2.422850109332197	15.28.16.015.jpg	A	A_96_2
272	21.28019750167293	15.28.24.267.jpg	A	A_96_3
273	14.591651600702695	15.28.32.317.jpg	A	A_96_4
274	19.59804264019663	15.28.40.585.jpg	A	A_96_5
275	4.063216912776065	15.29.30.396.jpg	A	A_97_1
276	25.041065147659243	15.29.38.664.jpg	A	A_97_2
277	2.1214924452667283	15.29.46.729.jpg	A	A_97_3
278	24.32629871168415	15.29.54.981.jpg	A	A_97_4
279	2.2271845008015987	15.30.03.047.jpg	A	A_97_5
280	15.33733045192774	15.30.53.559.jpg	A	A_98_1
281	7.185665135120265	15.31.01.609.jpg	A	A_98_2
282	22.758798714882868	15.31.09.877.jpg	A	A_98_3
283	8.311083047687774	15.31.17.911.jpg	A	A_98_4
284	14.43174766461565	15.31.26.195.jpg	A	A_98_5
285	10.468068473046959	15.32.16.068.jpg	A	A_99_1
286	22.602867587129893	15.32.24.320.jpg	A	A_99_2
287	5.951842653759198	15.32.32.370.jpg	A	A_99_3
288	13.040656991183052	15.32.40.622.jpg	A	A_99_4
289	2.900553122397043	15.32.48.688.jpg	A	A_99_5
290	13.958234972740522	15.33.38.742.jpg	A	A_01_1
291	8.297226199295514	15.33.46.792.jpg	A	A_01_2
292	15.21077635456131	15.33.55.044.jpg	A	A_01_3
293	2.7760845894700745	15.34.03.094.jpg	A	A_01_4
294	29.088294865545066	15.34.11.362.jpg	A	A_01_5
295	3.6945838019455883	15.35.01.329.jpg	A	A_02_1
296	28.01284093540764	15.35.09.597.jpg	A	A_02_2
297	15.153941524867475	15.35.17.646.jpg	A	A_02_3
298	13.750209516059487	15.35.25.883.jpg	A	A_02_4
299	10.777275792226602	15.35.33.933.jpg	A	A_02_5
300	15.96283345040643	15.36.24.399.jpg	A	A_03_1
301	8.095828487274858	15.36.32.464.jpg	A	A_03_2
302	23.49706933414197	15.36.40.716.jpg	A	A_03_3
303	2.759406471391302	15.36.48.751.jpg	A	A_03_4
304	27.43047585415379	15.36.57.065.jpg	A	A_03_5
305	15.992703083436652	15.37.47.297.jpg	A	A_04_1
306	17.3621256379844	15.37.55.565.jpg	A	A_04_2
307	2.8514144093310456	15.38.03.615.jpg	A	A_04_3
308	21.666807410279144	15.38.12.023.jpg	A	A_04_4
309	2.3579800988531954	15.38.20.011.jpg	A	A_04_5
310	27.23832243849824	15.39.10.524.jpg	A	A_05_1
311	6.80400044526161	15.39.18.589.jpg	A	A_05_2
312	26.014160086902784	15.39.27.044.jpg	A	A_05_3
313	4.4712006581683115	15.39.35.000.jpg	A	A_05_4
314	14.010815506875327	15.39.43.658.jpg	A	A_05_5
315	8.694967648161441	15.40.33.453.jpg	A	A_06_1
316	12.671953508546336	15.40.42.018.jpg	A	A_06_2
317	3.7759528022692987	15.40.50.021.jpg	A	A_06_3
318	25.501885324663526	15.40.58.663.jpg	A	A_06_4
319	22.327752209354845	15.41.06.650.jpg	A	A_06_5
320	13.886052691849537	15.41.56.555.jpg	A	A_07_1
321	3.139932417476262	15.42.04.635.jpg	A	A_07_2
322	25.23085151165037	15.42.12.872.jpg	A	A_07_3
323	4.0341021773036845	15.42.20.906.jpg	A	A_07_4
324	16.74739592329729	15.42.29.174.jpg	A	A_07_5
325	2.7204972599777624	15.43.19.531.jpg	A	A_08_1
326	24.73622727790338	15.43.27.768.jpg	A	A_08_2
327	9.952639774400785	15.43.36.504.jpg	A	A_08_3
328	23.810882807911838	15.43.44.070.jpg	A	A_08_4
329	17.141586794666587	15.43.52.135.jpg	A	A_08_5
330	15.847154995822473	15.44.42.258.jpg	A	A_09_1
331	10.176351746436307	15.44.50.323.jpg	A	A_09_2
332	27.300818999875894	15.44.58.560.jpg	A	A_09_3
333	3.5645814860734197	15.45.06.610.jpg	A	A_09_4
334	17.53091561396842	15.45.14.878.jpg	A	A_09_5
335	6.193486641511944	15.46.04.720.jpg	A	A_10_1
336	15.171233796891615	15.46.12.988.jpg	A	A_10_2
337	9.537068668808528	15.46.21.022.jpg	A	A_10_3
338	14.427384612628796	15.46.29.274.jpg	A	A_10_4
339	2.4679200525101623	15.46.37.324.jpg	A	A_10_5
340	14.561705198429301	15.47.27.821.jpg	A	A_11_1
341	5.8948478881420945	15.47.35.886.jpg	A	A_11_2
342	15.122677250586325	15.47.44.123.jpg	A	A_11_3
343	2.7494008800314242	15.47.52.173.jpg	A	A_11_4
344	15.994667096574428	15.48.00.456.jpg	A	A_11_5
345	2.5351379223427926	15.48.50.704.jpg	A	A_12_1
346	13.261208629374726	15.48.58.972.jpg	A	A_12_2
347	2.2112484854068066	15.49.07.022.jpg	A	A_12_3
348	13.878388562406357	15.49.15.259.jpg	A	A_12_4
349	23.698006430703604	15.49.23.339.jpg	A	A_12_5
350	22.399972874867412	15.50.13.447.jpg	A	A_13_1
351	8.584886950891994	15.50.21.496.jpg	A	A_13_2
352	16.347607294613486	15.50.29.733.jpg	A	A_13_3
353	4.4612654386146735	15.50.37.783.jpg	A	A_13_4
354	13.561369972734125	15.50.46.066.jpg	A	A_13_5
355	2.9032272510341457	15.51.36.860.jpg	A	A_14_1
356	17.164406452198993	15.51.45.128.jpg	A	A_14_2
357	10.261546414044677	15.51.53.162.jpg	A	A_14_3
358	18.330441691840583	15.52.01.430.jpg	A	A_14_4
359	2.2687102639198633	15.52.09.495.jpg	A	A_14_5
360	15.966703899749604	15.53.00.055.jpg	A	A_15_1
361	6.616165299534395	15.53.08.120.jpg	A	A_15_2
362	18.96664760230461	15.53.16.373.jpg	A	A_15_3
363	2.34791693056094	15.53.24.422.jpg	A	A_15_4
364	26.20352422005648	15.53.32.690.jpg	A	A_15_5
365	10.918115366259663	15.54.55.620.jpg	A	A_16_1
366	28.062037225406012	15.55.03.872.jpg	A	A_16_2
367	17.11295826440095	15.55.11.922.jpg	A	A_16_3
368	15.843725969627528	15.55.20.174.jpg	A	A_16_4
369	6.776344325409468	15.55.28.271.jpg	A	A_16_5
370	28.825206669200053	15.56.18.690.jpg	A	A_17_1
371	10.914622365695408	15.56.26.755.jpg	A	A_17_2
372	25.73084959241929	15.56.35.008.jpg	A	A_17_3
373	12.447026023493947	15.56.43.057.jpg	A	A_17_4
374	24.021249726509573	15.56.51.325.jpg	A	A_17_5
375	12.898787429804123	15.57.41.308.jpg	A	A_18_1
376	28.05119356980819	15.57.49.560.jpg	A	A_18_2
377	2.2847486383055493	15.57.57.610.jpg	A	A_18_3
378	14.413195097516132	15.58.05.862.jpg	A	A_18_4
379	15.767065482884938	15.58.13.928.jpg	A	A_18_5
380	22.928196447375324	15.59.04.487.jpg	A	A_19_1
381	13.896007103713966	15.59.12.552.jpg	A	A_19_2
382	27.30932759099394	15.59.20.805.jpg	A	A_19_3
383	2.9706754285962873	15.59.28.870.jpg	A	A_19_4
384	16.825950051371418	15.59.37.123.jpg	A	A_19_5
385	2.934856179220357	16.00.27.417.jpg	A	A_20_1
386	26.665137679240193	16.00.35.654.jpg	A	A_20_2
387	13.535095699259047	16.00.43.719.jpg	A	A_20_3
388	22.981128840541327	16.00.51.956.jpg	A	A_20_4
389	10.70628343460476	16.01.00.037.jpg	A	A_20_5
390	28.449440416191656	16.01.50.534.jpg	A	A_21_1
391	5.80623059177571	16.01.58.584.jpg	A	A_21_2
392	15.657451798511444	16.02.06.836.jpg	A	A_21_3
393	12.011763607028481	16.02.14.886.jpg	A	A_21_4
394	22.40739390170722	16.02.23.154.jpg	A	A_21_5
395	2.3800512562646903	16.03.13.448.jpg	A	A_22_1
396	15.662409812132866	16.03.21.716.jpg	A	A_22_2
397	2.380818948696394	16.03.29.766.jpg	A	A_22_3
398	15.323345654796864	16.03.38.003.jpg	A	A_22_4
399	13.674431875613354	16.03.46.068.jpg	A	A_22_5
400	26.32472366271177	16.04.36.206.jpg	A	A_23_1
401	2.5866564819470725	16.04.44.256.jpg	A	A_23_2
402	19.310612196329664	16.04.52.508.jpg	A	A_23_3
403	2.555539348715331	16.05.00.542.jpg	A	A_23_4
404	13.961139409107135	16.05.08.826.jpg	A	A_23_5
405	14.29763819423386	16.05.58.715.jpg	A	A_24_1
406	29.155512735377698	16.06.06.983.jpg	A	A_24_2
407	13.174145910182544	16.06.15.032.jpg	A	A_24_3
408	15.368620315956615	16.06.23.285.jpg	A	A_24_4
409	9.75044238276377	16.06.31.350.jpg	A	A_24_5
410	14.428542548713283	16.08.18.148.jpg	A	A_25_1
411	8.060546622601121	16.08.26.213.jpg	A	A_25_2
412	17.329524299384694	16.08.34.434.jpg	A	A_25_3
413	14.232288375985044	16.08.42.499.jpg	A	A_25_4
414	15.371550342070952	16.08.50.767.jpg	A	A_25_5
415	2.8819429783651476	16.09.41.031.jpg	A	A_26_1
416	21.850452234816643	16.09.49.283.jpg	A	A_26_2
417	7.904378789681702	16.09.57.333.jpg	A	A_26_3
418	16.06123882527704	16.10.05.585.jpg	A	A_26_4
419	11.685826990274617	16.10.13.666.jpg	A	A_26_5
420	14.006625185685607	16.11.04.163.jpg	A	A_27_1
421	6.262105550032435	16.11.12.213.jpg	A	A_27_2
422	24.65934927830514	16.11.20.481.jpg	A	A_27_3
423	11.80319436820832	16.11.28.515.jpg	A	A_27_4
424	33.49576425700807	16.11.36.799.jpg	A	A_27_5
425	2.548105527001662	16.12.27.124.jpg	A	A_28_1
426	23.37773794307049	16.12.35.377.jpg	A	A_28_2
427	2.293864985932036	16.12.43.426.jpg	A	A_28_3
428	21.896437011475722	16.12.51.648.jpg	A	A_28_4
429	13.204092312455936	16.12.59.744.jpg	A	A_28_5
430	22.464247923711845	16.13.50.257.jpg	A	A_29_1
431	2.732153390065804	16.13.58.306.jpg	A	A_29_2
432	25.535279945442657	16.14.06.559.jpg	A	A_29_3
433	2.794720323249693	16.14.14.593.jpg	A	A_29_4
434	14.865001285884825	16.14.22.861.jpg	A	A_29_5
435	2.7588434969413855	16.15.47.959.jpg	A	A_30_1
436	10.341872632148656	16.15.55.915.jpg	A	A_30_2
437	9.484104288457871	16.16.04.495.jpg	A	A_30_3
438	14.339643765121943	16.16.12.420.jpg	A	A_30_4
439	9.208502705476079	16.16.20.282.jpg	A	A_30_5
440	22.48111156746161	16.17.30.498.jpg	A	A_31_1
441	2.304676654345203	16.17.38.548.jpg	A	A_31_2
442	24.367600564509832	16.17.46.800.jpg	A	A_31_3
443	3.3967063435705116	16.17.54.850.jpg	A	A_31_4
444	13.55389136896194	16.18.03.118.jpg	A	A_31_5
445	5.848575226821126	16.18.53.397.jpg	A	A_32_1
446	14.434217075270963	16.19.01.665.jpg	A	A_32_2
447	4.4092798661144395	16.19.09.683.jpg	A	A_32_3
448	28.764802069698796	16.19.17.935.jpg	A	A_32_4
449	14.55160364551546	16.19.26.001.jpg	A	A_32_5
450	25.649787669068264	16.20.16.045.jpg	A	A_33_1
451	8.803922396531053	16.20.24.111.jpg	A	A_33_2
452	14.566995878771131	16.20.32.363.jpg	A	A_33_3
453	3.358948670804529	16.20.40.397.jpg	A	A_33_4
454	33.44368912039081	16.20.48.681.jpg	A	A_33_5
455	2.5643358244952745	16.21.38.944.jpg	A	A_34_1
456	13.168880819588441	16.21.47.196.jpg	A	A_34_2
457	9.66140925299688	16.21.55.246.jpg	A	A_34_3
458	20.3938390123381	16.22.03.483.jpg	A	A_34_4
459	2.845573549413163	16.22.11.548.jpg	A	A_34_5
460	13.076143573838579	16.23.01.234.jpg	A	A_35_1
461	16.74326317903995	16.23.09.533.jpg	A	A_35_2
462	14.768156885625345	16.23.17.536.jpg	A	A_35_3
463	2.329300389092114	16.23.25.570.jpg	A	A_35_4
464	17.27228643116422	16.23.33.838.jpg	A	A_35_5
465	2.448062408276748	16.24.55.801.jpg	A	A_36_1
466	17.365426715440726	16.25.04.053.jpg	A	A_36_2
467	10.506811351100295	16.25.12.103.jpg	A	A_36_3
468	15.847398098425847	16.25.20.324.jpg	A	A_36_4
469	13.966308538147276	16.25.28.405.jpg	A	A_36_5
470	19.084238890530898	16.26.18.543.jpg	A	A_37_1
471	15.684704879836941	16.26.26.609.jpg	A	A_37_2
472	12.858995372094123	16.26.34.877.jpg	A	A_37_3
473	6.88868331791551	16.26.42.911.jpg	A	A_37_4
474	14.943427465220335	16.26.51.179.jpg	A	A_37_5
475	10.673867621676052	16.28.02.518.jpg	A	A_38_1
476	18.43470711893987	16.28.10.770.jpg	A	A_38_2
477	13.620770174637235	16.28.18.835.jpg	A	A_38_3
478	33.624787765029815	16.28.27.072.jpg	A	A_38_4
479	7.926744229192016	16.28.35.153.jpg	A	A_38_5
480	22.34437914793817	16.29.25.666.jpg	A	A_39_1
481	13.15368690687763	16.29.33.715.jpg	A	A_39_2
482	27.566626106916527	16.29.41.968.jpg	A	A_39_3
483	2.1960737650067874	16.29.50.002.jpg	A	A_39_4
484	23.909723208493748	16.29.58.270.jpg	A	A_39_5
485	3.6738944909111613	16.31.10.576.jpg	A	A_40_1
486	24.239696607950993	16.31.18.828.jpg	A	A_40_2
487	12.442368689408276	16.31.26.878.jpg	A	A_40_3
488	20.888744733310048	16.31.35.130.jpg	A	A_40_4
489	7.977904532328169	16.31.43.180.jpg	A	A_40_5
490	28.859944751734666	16.32.33.615.jpg	A	A_41_1
491	12.12422415083621	16.32.41.696.jpg	A	A_41_2
492	15.700404190065292	16.32.49.948.jpg	A	A_41_3
493	10.681992366578253	16.32.57.984.jpg	A	A_41_4
494	27.5419383978003	16.33.06.244.jpg	A	A_41_5
495	23.07483078577016	14.09.36.648.jpg	B	B_56_1
496	5.890018040220945	14.09.44.604.jpg	B	B_56_2
497	17.9260908755529	14.09.53.262.jpg	B	B_56_3
498	5.788115513195477	14.10.01.233.jpg	B	B_56_4
499	18.812058423439357	14.10.09.907.jpg	B	B_56_5
500	6.4168102404559875	14.10.59.094.jpg	B	B_57_1
501	24.056520532002693	14.11.07.752.jpg	B	B_57_2
502	7.081129016104352	14.11.15.723.jpg	B	B_57_3
503	18.454188868308925	14.11.24.382.jpg	B	B_57_4
504	7.13393120882158	14.11.32.353.jpg	B	B_57_5
505	25.62215942585697	14.12.22.757.jpg	B	B_58_1
506	5.849303936520735	14.12.30.713.jpg	B	B_58_2
507	19.557418739770764	14.12.39.371.jpg	B	B_58_3
508	5.673630470858641	14.12.47.358.jpg	B	B_58_4
509	19.47372758125389	14.12.55.985.jpg	B	B_58_5
510	5.755185454231972	14.13.45.749.jpg	B	B_59_1
511	24.453430747990918	14.13.54.391.jpg	B	B_59_2
512	6.925543203349928	14.14.02.363.jpg	B	B_59_3
513	22.219942367642716	14.14.11.037.jpg	B	B_59_4
514	7.473215406323332	14.14.19.024.jpg	B	B_59_5
515	21.323072086085958	14.15.09.505.jpg	B	B_60_1
516	6.119755119530726	14.15.17.462.jpg	B	B_60_2
517	26.167346819761335	14.15.26.104.jpg	B	B_60_3
518	8.85623984999867	14.15.34.076.jpg	B	B_60_4
519	26.565315615123357	14.15.42.734.jpg	B	B_60_5
520	8.29029922932886	14.16.32.466.jpg	B	B_61_1
521	18.00482509352897	14.16.41.124.jpg	B	B_61_2
522	7.4026645773986335	14.16.49.112.jpg	B	B_61_3
523	19.162074207047983	14.16.57.754.jpg	B	B_61_4
524	5.627686858275872	14.17.05.741.jpg	B	B_61_5
525	28.15718445777283	14.17.56.254.jpg	B	B_62_1
526	10.465781263271861	14.18.04.210.jpg	B	B_62_2
527	18.902392642936743	14.18.12.853.jpg	B	B_62_3
528	11.415986196632069	14.18.20.840.jpg	B	B_62_4
529	18.140608499314776	14.18.29.498.jpg	B	B_62_5
530	5.93844646187276	14.19.19.278.jpg	B	B_63_1
531	16.70859781970682	14.19.27.920.jpg	B	B_63_2
532	12.561616292233833	14.19.35.892.jpg	B	B_63_3
533	19.12973999515716	14.19.44.550.jpg	B	B_63_4
534	11.719880881295854	14.19.52.521.jpg	B	B_63_5
535	26.352103783882463	14.20.49.539.jpg	B	B_64_1
536	5.8142250248163965	14.20.57.511.jpg	B	B_64_2
537	16.946017522974977	14.21.06.138.jpg	B	B_64_3
538	7.437838571082654	14.21.14.109.jpg	B	B_64_4
539	23.892351985882225	14.21.22.752.jpg	B	B_64_5
540	8.684857751019596	14.22.19.239.jpg	B	B_65_1
541	26.47655975648871	14.22.27.897.jpg	B	B_65_2
542	8.141299428367137	14.22.35.869.jpg	B	B_65_3
543	23.65919829410251	14.22.44.543.jpg	B	B_65_4
544	6.4960008519345385	14.22.52.530.jpg	B	B_65_5
545	20.275572932315576	14.23.49.548.jpg	B	B_66_1
546	6.695596943684845	14.23.57.504.jpg	B	B_66_2
547	23.530431938417305	14.24.06.146.jpg	B	B_66_3
548	5.70979965593001	14.24.14.118.jpg	B	B_66_4
549	17.61789848540745	14.24.22.792.jpg	B	B_66_5
550	5.472379952661852	14.25.19.264.jpg	B	B_67_1
551	17.15421536448726	14.25.27.906.jpg	B	B_67_2
552	9.081647529833555	14.25.35.893.jpg	B	B_67_3
553	24.068627637415645	14.25.44.551.jpg	B	B_67_4
554	6.001847125925306	14.25.52.539.jpg	B	B_67_5
555	20.031396069691286	14.26.50.040.jpg	B	B_68_1
556	8.491866687457925	14.26.58.012.jpg	B	B_68_2
557	20.159959583819838	14.27.06.654.jpg	B	B_68_3
558	5.918194000200306	14.27.14.642.jpg	B	B_68_4
559	16.94358976309374	14.27.23.300.jpg	B	B_68_5
560	5.633917897344424	14.28.13.001.jpg	B	B_69_1
561	18.946504342710952	14.28.21.644.jpg	B	B_69_2
562	7.596010613684452	14.28.29.600.jpg	B	B_69_3
563	24.901412664666143	14.28.38.242.jpg	B	B_69_4
564	8.144760412427596	14.28.46.229.jpg	B	B_69_5
565	28.840811214095456	14.29.36.586.jpg	B	B_70_1
566	7.170873727327702	14.29.44.573.jpg	B	B_70_2
567	17.786333043016356	14.29.53.216.jpg	B	B_70_3
568	5.435912844054144	14.30.01.172.jpg	B	B_70_4
569	17.744503310754535	14.30.09.845.jpg	B	B_70_5
570	6.2473741526610915	14.30.59.547.jpg	B	B_71_5
571	19.43117522594648	14.31.08.190.jpg	B	B_71_4
572	10.519096898679376	14.31.16.161.jpg	B	B_71_3
573	19.866441512538778	14.31.24.835.jpg	B	B_71_2
574	12.78597173149356	14.31.32.853.jpg	B	B_71_1
575	25.869962081306504	14.32.23.585.jpg	B	B_72_1
576	5.507623673130974	14.32.31.494.jpg	B	B_72_2
577	18.05595384340378	14.32.40.136.jpg	B	B_72_3
578	5.928564274784385	14.32.48.045.jpg	B	B_72_4
579	24.605359073926873	14.32.56.688.jpg	B	B_72_5
580	10.990018927652756	14.33.46.701.jpg	B	B_73_1
581	26.538870147174226	14.33.55.328.jpg	B	B_73_2
582	9.240345692722933	14.34.03.300.jpg	B	B_73_3
583	25.705438562461886	14.34.11.958.jpg	B	B_73_4
584	9.155919233563178	14.34.19.945.jpg	B	B_73_5
585	19.57880584640077	14.35.10.364.jpg	B	B_74_1
586	7.27127395907418	14.35.18.320.jpg	B	B_74_2
587	18.12340499979082	14.35.26.963.jpg	B	B_74_3
588	8.373869950671468	14.35.34.872.jpg	B	B_74_4
589	16.553037362146977	14.35.43.546.jpg	B	B_74_5
590	8.469826684567435	14.36.33.279.jpg	B	B_75_1
591	18.34920568514173	14.36.41.937.jpg	B	B_75_2
592	6.911166808021877	14.36.49.924.jpg	B	B_75_3
593	22.054918083705104	14.36.58.597.jpg	B	B_75_4
594	5.679867848725838	14.37.06.569.jpg	B	B_75_5
595	20.999609530003436	14.37.56.988.jpg	B	B_76_1
596	8.559343199039546	14.38.04.960.jpg	B	B_76_2
597	24.790921065475988	14.38.13.587.jpg	B	B_76_3
598	6.9289281218266385	14.38.21.574.jpg	B	B_76_4
599	17.155850774537807	14.38.30.248.jpg	B	B_76_5
600	7.839528241249605	14.39.19.949.jpg	B	B_77_1
601	29.17594983728304	14.39.28.592.jpg	B	B_77_2
602	11.56302097001368	14.39.36.563.jpg	B	B_77_3
603	19.044102825456108	14.39.45.221.jpg	B	B_77_4
604	6.860767019991303	14.39.53.193.jpg	B	B_77_5
605	27.468607099708038	14.40.43.643.jpg	B	B_78_1
606	6.721509952547754	14.40.51.599.jpg	B	B_78_2
607	27.077940600385652	14.41.00.257.jpg	B	B_78_3
608	7.140650335385837	14.41.08.229.jpg	B	B_78_4
609	20.737525561205537	14.41.16.903.jpg	B	B_78_5
610	8.65112266462811	14.42.06.636.jpg	B	B_79_1
611	17.901236446063795	14.42.15.262.jpg	B	B_79_2
612	5.763299116498245	14.42.23.250.jpg	B	B_79_3
613	27.57595465477001	14.42.31.908.jpg	B	B_79_4
614	7.348683368133338	14.42.39.879.jpg	B	B_79_5
615	28.80121273895686	14.43.30.283.jpg	B	B_80_1
616	7.790148999800962	14.43.38.239.jpg	B	B_80_2
617	23.34991563059003	14.43.46.897.jpg	B	B_80_3
618	5.878887109799402	14.43.54.869.jpg	B	B_80_4
619	23.36204175239892	14.44.03.932.jpg	B	B_80_5
620	7.627806027690408	14.44.53.384.jpg	B	B_81_1
621	18.680312832390754	14.45.02.027.jpg	B	B_81_2
622	9.194211916180798	14.45.09.998.jpg	B	B_81_3
623	23.97788773480495	14.45.18.672.jpg	B	B_81_4
624	12.453615840911366	14.45.26.643.jpg	B	B_81_5
625	26.625863819785415	14.46.17.110.jpg	B	B_82_1
626	10.331126163644962	14.46.25.081.jpg	B	B_82_2
627	26.84254931268406	14.46.33.724.jpg	B	B_82_3
628	11.276374156464371	14.46.41.695.jpg	B	B_82_4
629	28.580210524180615	14.46.50.353.jpg	B	B_82_5
630	6.933003969355712	14.47.40.117.jpg	B	B_83_1
631	25.800476170554255	14.47.48.760.jpg	B	B_83_2
632	13.168188612221456	14.47.56.731.jpg	B	B_83_3
633	26.982414904797587	14.48.05.374.jpg	B	B_83_4
634	9.895441516342057	14.48.13.361.jpg	B	B_83_5
635	27.360340418842462	14.49.03.796.jpg	B	B_84_1
636	11.568878019962145	14.49.11.752.jpg	B	B_84_2
637	25.169524830975938	14.49.20.410.jpg	B	B_84_3
638	5.530994823737026	14.49.28.382.jpg	B	B_84_4
639	22.680253247683485	14.49.37.024.jpg	B	B_84_5
640	10.644142379559657	14.50.26.726.jpg	B	B_85_1
641	18.149787079753494	14.50.35.384.jpg	B	B_85_2
642	9.773425981214336	14.50.43.355.jpg	B	B_85_3
643	25.59071264577652	14.50.52.013.jpg	B	B_85_4
644	6.283239075397475	14.50.59.985.jpg	B	B_85_5
645	23.105288713261906	14.51.50.420.jpg	B	B_86_1
646	7.950032518037052	14.51.58.329.jpg	B	B_86_2
647	27.09844661400393	14.52.06.971.jpg	B	B_86_3
648	9.178821313069461	14.52.14.881.jpg	B	B_86_4
649	24.585182677838166	14.52.23.539.jpg	B	B_86_5
650	6.450659425223095	14.53.13.381.jpg	B	B_87_1
651	17.302441832014228	14.53.22.023.jpg	B	B_87_2
652	7.221628488082425	14.53.29.979.jpg	B	B_87_3
653	17.850240810960543	14.53.38.653.jpg	B	B_87_4
654	5.722115941698266	14.53.46.624.jpg	B	B_87_5
655	18.690080921103508	14.54.37.090.jpg	B	B_88_1
656	7.951382682148549	14.54.45.046.jpg	B	B_88_2
657	17.748281234747264	14.54.53.689.jpg	B	B_88_3
658	12.751805606794179	14.55.01.661.jpg	B	B_88_4
659	22.101932953258967	14.55.10.303.jpg	B	B_88_5
660	5.87325191780353	14.56.00.083.jpg	B	B_89_1
661	21.055371941688122	14.56.08.741.jpg	B	B_89_2
662	9.078459114114857	14.56.16.728.jpg	B	B_89_3
663	21.678196941402877	14.56.25.370.jpg	B	B_89_4
664	6.585967421110482	14.56.33.357.jpg	B	B_89_5
665	24.75591188055675	14.57.23.870.jpg	B	B_90_1
666	13.53640308674139	14.57.31.842.jpg	B	B_90_2
667	19.035989163189836	14.57.40.500.jpg	B	B_90_3
668	5.741487310358991	14.57.48.456.jpg	B	B_90_4
669	18.261362613512038	14.57.57.114.jpg	B	B_90_5
670	8.509856198013928	14.58.46.894.jpg	B	B_91_1
671	25.76129605612626	14.58.55.552.jpg	B	B_91_2
672	11.039385491504108	14.59.03.523.jpg	B	B_91_3
673	19.13609781019862	14.59.12.915.jpg	B	B_91_4
674	7.069452948999294	14.59.20.184.jpg	B	B_91_5
675	25.35785687753314	15.00.10.635.jpg	B	B_92_1
676	9.357600790067863	15.00.18.622.jpg	B	B_92_2
677	19.440252385606872	15.00.27.280.jpg	B	B_92_3
678	8.785308693155239	15.00.35.251.jpg	B	B_92_4
679	23.611023424396514	15.00.43.925.jpg	B	B_92_5
680	6.469707515152898	15.01.33.720.jpg	B	B_93_1
681	20.48337776831184	15.01.42.363.jpg	B	B_93_2
682	9.269174548962782	15.01.50.334.jpg	B	B_93_3
683	23.757221476356914	15.01.58.992.jpg	B	B_93_4
684	9.821873419262088	15.02.06.980.jpg	B	B_93_5
685	21.033959479863537	15.02.57.461.jpg	B	B_94_1
686	6.015475543013186	15.03.05.433.jpg	B	B_94_2
687	24.993268195838453	15.03.14.075.jpg	B	B_94_3
688	8.543077841715126	15.03.22.063.jpg	B	B_94_4
689	19.363445162419037	15.03.30.721.jpg	B	B_94_5
690	7.342401618675622	15.04.20.547.jpg	B	B_95_1
691	24.30096996296874	15.04.29.189.jpg	B	B_95_2
692	11.235095899684708	15.04.37.146.jpg	B	B_95_3
693	17.568056511657684	15.04.45.804.jpg	B	B_95_4
694	6.483741615354091	15.04.53.791.jpg	B	B_95_5
695	19.160527540178478	15.05.44.288.jpg	B	B_96_1
696	5.650373418628208	15.05.52.244.jpg	B	B_96_2
697	20.793978901942587	15.06.00.886.jpg	B	B_96_3
698	8.833578644840916	15.06.08.842.jpg	B	B_96_4
699	17.659943736823223	15.06.17.500.jpg	B	B_96_5
700	6.817758271181412	15.07.07.280.jpg	B	B_97_1
701	17.370957906573715	15.07.15.938.jpg	B	B_97_2
702	5.596892974455909	15.07.23.910.jpg	B	B_97_3
703	23.32448437042418	15.07.32.568.jpg	B	B_97_4
704	5.829152895626609	15.07.40.477.jpg	B	B_97_5
705	25.019453773043114	15.08.30.928.jpg	B	B_98_1
706	6.380824880545339	15.08.38.899.jpg	B	B_98_2
707	25.309358729096225	15.08.47.526.jpg	B	B_98_3
708	8.63008419192361	15.08.55.498.jpg	B	B_98_4
709	21.326685201313904	15.09.04.187.jpg	B	B_98_5
710	5.967902859178517	15.09.53.966.jpg	B	B_99_1
711	21.763250941628538	15.10.02.624.jpg	B	B_99_2
712	8.399345582427836	15.10.10.612.jpg	B	B_99_3
713	22.854215237711287	15.10.19.270.jpg	B	B_99_4
714	5.999539803218335	15.10.27.241.jpg	B	B_99_5
715	25.474154816282603	15.11.17.817.jpg	B	B_01_1
716	8.573054020509817	15.11.25.788.jpg	B	B_01_2
717	20.90632776913588	15.11.34.446.jpg	B	B_01_3
718	9.535885840771915	15.11.42.433.jpg	B	B_01_4
719	18.188764352624833	15.11.51.091.jpg	B	B_01_5
720	9.243870064769846	15.12.40.840.jpg	B	B_02_1
721	18.39101006220897	15.12.49.482.jpg	B	B_02_2
722	7.771506592984472	15.12.57.470.jpg	B	B_02_3
723	20.543887940182024	15.13.06.128.jpg	B	B_02_4
724	6.508437574877059	15.13.14.099.jpg	B	B_02_5
725	20.226434565215463	15.14.04.581.jpg	B	B_03_1
726	6.37425154634993	15.14.12.553.jpg	B	B_03_2
727	18.27793223317144	15.14.21.195.jpg	B	B_03_3
728	6.229536773272582	15.14.29.182.jpg	B	B_03_4
729	18.486782970944216	15.14.38.433.jpg	B	B_03_5
730	6.393204554300051	15.15.27.604.jpg	B	B_04_1
731	18.83626629546662	15.15.36.262.jpg	B	B_04_2
732	6.434818767407926	15.15.44.702.jpg	B	B_04_3
733	21.65806491690469	15.15.52.970.jpg	B	B_04_4
734	6.920757410372556	15.16.01.020.jpg	B	B_04_5
735	24.864489162555955	15.16.51.392.jpg	B	B_05_1
736	6.29041459546421	15.16.59.364.jpg	B	B_05_2
737	24.455668343912787	15.17.08.022.jpg	B	B_05_3
738	5.735959877940093	15.17.15.993.jpg	B	B_05_4
739	21.542958672300593	15.17.24.651.jpg	B	B_05_5
740	6.373883896028489	15.18.14.322.jpg	B	B_06_1
741	19.88545156967671	15.18.22.980.jpg	B	B_06_2
742	5.963021984221462	15.18.30.936.jpg	B	B_06_3
743	17.94789634289351	15.18.39.594.jpg	B	B_06_4
744	5.867610387009012	15.18.47.565.jpg	B	B_06_5
745	23.1189044527525	15.19.38.031.jpg	B	B_07_1
746	7.280401829123736	15.19.45.988.jpg	B	B_07_2
747	22.247807726488446	15.19.54.646.jpg	B	B_07_3
748	6.673024481708128	15.20.02.648.jpg	B	B_07_4
749	23.449491818512588	15.20.11.306.jpg	B	B_07_5
750	8.517919149891036	15.21.01.211.jpg	B	B_08_1
751	24.330001660765248	15.21.09.884.jpg	B	B_08_2
752	6.3228312117374275	15.21.17.840.jpg	B	B_08_3
753	18.222055723111133	15.21.26.483.jpg	B	B_08_4
754	6.580395617101065	15.21.34.454.jpg	B	B_08_5
755	22.453672890099178	15.22.29.211.jpg	B	B_09_1
756	8.043003677770974	15.22.37.182.jpg	B	B_09_2
757	24.27733892161822	15.22.46.230.jpg	B	B_09_3
758	8.687475674860199	15.22.54.451.jpg	B	B_09_4
759	17.104842461837265	15.23.02.517.jpg	B	B_09_5
760	6.725744270042965	15.23.52.265.jpg	B	B_10_1
761	21.209075131244827	15.24.00.923.jpg	B	B_10_2
762	11.589599552734366	15.24.08.910.jpg	B	B_10_3
763	22.865542670890843	15.24.17.553.jpg	B	B_10_4
764	6.92031369446737	15.24.25.540.jpg	B	B_10_5
765	25.367732725822872	15.25.15.975.jpg	B	B_11_1
766	10.597831116655447	15.25.23.931.jpg	B	B_11_2
767	18.891071548555832	15.25.32.589.jpg	B	B_11_3
768	5.9187961860716305	15.25.40.561.jpg	B	B_11_4
769	22.561971264957982	15.25.49.234.jpg	B	B_11_5
770	8.473211603044145	15.26.38.936.jpg	B	B_12_1
771	23.994698228812883	15.26.47.594.jpg	B	B_12_2
772	6.79016548067744	15.26.55.565.jpg	B	B_12_3
773	19.555250870633994	15.27.04.223.jpg	B	B_12_4
774	5.912672906580053	15.27.12.195.jpg	B	B_12_5
775	23.86095591619094	15.28.02.614.jpg	B	B_13_1
776	6.479196696725249	15.28.10.602.jpg	B	B_13_2
777	18.736740817933224	15.28.19.260.jpg	B	B_13_3
778	11.895193035435152	15.28.27.247.jpg	B	B_13_4
779	25.956163404087	15.28.35.920.jpg	B	B_13_5
780	7.599122963819404	15.29.25.685.jpg	B	B_14_1
781	24.853681510865336	15.29.34.343.jpg	B	B_14_2
782	6.861128331514098	15.29.42.236.jpg	B	B_14_3
783	18.55473489242425	15.29.50.879.jpg	B	B_14_4
784	10.153379910825782	15.29.58.866.jpg	B	B_14_5
785	24.567243877671327	15.30.49.363.jpg	B	B_15_1
786	9.012288395054217	15.30.57.366.jpg	B	B_15_2
787	19.664411322108588	15.31.06.008.jpg	B	B_15_3
788	5.574910020753227	15.31.13.980.jpg	B	B_15_4
789	17.122033283763926	15.31.22.638.jpg	B	B_15_5
790	9.570463987383256	15.32.12.464.jpg	B	B_16_1
791	26.302895689997246	15.32.21.122.jpg	B	B_16_2
792	9.221291263994482	15.32.29.063.jpg	B	B_16_3
793	28.47999411759486	15.32.37.721.jpg	B	B_16_4
794	11.171549443263315	15.32.45.692.jpg	B	B_16_5
795	19.871759764602373	15.33.36.199.jpg	B	B_17_1
796	8.215995831606012	15.33.44.109.jpg	B	B_17_2
797	24.95392961144432	15.33.52.751.jpg	B	B_17_3
798	7.46529824681507	15.34.00.723.jpg	B	B_17_4
799	18.827144764215706	15.34.09.381.jpg	B	B_17_5
800	5.62525275959599	15.34.59.176.jpg	B	B_18_1
801	19.986504697683678	15.35.07.818.jpg	B	B_18_2
802	5.716214520159282	15.35.15.806.jpg	B	B_18_3
803	20.46915350415128	15.35.24.464.jpg	B	B_18_4
804	5.830572786523207	15.35.32.435.jpg	B	B_18_5
805	26.34612629675973	15.36.22.932.jpg	B	B_19_1
806	11.614878681732725	15.36.30.888.jpg	B	B_19_2
807	27.22793559273472	15.36.39.546.jpg	B	B_19_3
808	6.245383769886396	15.36.47.534.jpg	B	B_19_4
809	18.693155238446586	15.36.56.192.jpg	B	B_19_5
810	8.232483046883022	15.37.45.847.jpg	B	B_20_1
811	26.960444628692194	15.37.54.520.jpg	B	B_20_2
812	6.163562556969953	15.38.02.476.jpg	B	B_20_3
813	27.011902996096566	15.38.11.165.jpg	B	B_20_4
814	6.099096974744959	15.38.19.137.jpg	B	B_20_5
815	20.130496847715435	15.39.09.556.jpg	B	B_21_1
816	8.625545612093413	15.39.17.528.jpg	B	B_21_2
817	19.349239914654415	15.39.26.170.jpg	B	B_21_3
818	5.884237055856226	15.39.34.142.jpg	B	B_21_4
819	17.741498720196553	15.39.42.800.jpg	B	B_21_5
820	8.386072138064106	15.40.32.533.jpg	B	B_22_1
821	26.429240624599863	15.40.41.175.jpg	B	B_22_2
822	9.637743996206863	15.40.49.147.jpg	B	B_22_3
823	29.769432538067655	15.40.57.805.jpg	B	B_22_4
824	6.308397767221566	15.41.05.792.jpg	B	B_22_5
825	19.270201434343356	15.42.14.682.jpg	B	B_23_1
826	12.48215945121217	15.42.22.669.jpg	B	B_23_2
827	27.593880777339557	15.42.31.312.jpg	B	B_23_3
828	8.4099503925618	15.42.39.283.jpg	B	B_23_4
829	23.26002512699783	15.42.47.941.jpg	B	B_23_5
830	8.050198214233646	15.43.37.846.jpg	B	B_24_1
831	19.429863094626853	15.43.46.504.jpg	B	B_24_2
832	5.79213431153674	15.43.54.460.jpg	B	B_24_3
833	17.96063098937237	15.44.03.133.jpg	B	B_24_4
834	6.9367248441606355	15.44.11.120.jpg	B	B_24_5
835	28.87347504351585	15.45.01.524.jpg	B	B_25_1
836	10.515978209745775	15.45.09.480.jpg	B	B_25_2
837	18.925681389160403	15.45.18.138.jpg	B	B_25_3
838	8.839682907936556	15.45.26.110.jpg	B	B_25_4
839	19.45326593922613	15.45.34.799.jpg	B	B_25_5
840	5.919537825513157	15.46.24.516.jpg	B	B_26_1
841	18.286552999329356	15.46.33.159.jpg	B	B_26_2
842	5.526259741148818	15.46.41.115.jpg	B	B_26_3
843	18.281881304727605	15.46.49.788.jpg	B	B_26_4
844	5.6234652183779525	15.46.57.776.jpg	B	B_26_5
845	20.035269075663702	15.47.48.242.jpg	B	B_27_1
846	7.721379373295656	15.47.56.213.jpg	B	B_27_2
847	27.42197889687155	15.48.04.871.jpg	B	B_27_3
848	5.7124365961665475	15.48.12.843.jpg	B	B_27_4
849	25.537485753550044	15.48.21.501.jpg	B	B_27_5
850	8.615821894971178	15.49.11.265.jpg	B	B_28_1
851	27.810300040695086	15.49.19.939.jpg	B	B_28_2
852	6.801968323755409	15.49.27.910.jpg	B	B_28_3
853	24.597201040070082	15.49.36.568.jpg	B	B_28_4
854	6.130689547194257	15.49.44.540.jpg	B	B_28_5
855	20.350636985875887	15.50.35.006.jpg	B	B_29_1
856	5.846432460734312	15.50.42.993.jpg	B	B_29_2
857	22.348759433717085	15.50.51.651.jpg	B	B_29_3
858	5.664654731976577	15.50.59.623.jpg	B	B_29_4
859	23.75059743177234	15.51.08.296.jpg	B	B_29_5
860	5.945660014731368	15.51.58.092.jpg	B	B_30_1
861	17.439321849965708	15.52.06.765.jpg	B	B_30_2
862	5.927974766510352	15.52.14.753.jpg	B	B_30_3
863	18.298038902475046	15.52.23.426.jpg	B	B_30_4
864	4.746986852063849	15.52.31.413.jpg	B	B_30_5
865	27.656748982305878	15.53.21.957.jpg	B	B_31_1
866	11.991764632799732	15.53.29.913.jpg	B	B_31_2
867	26.408481059035765	15.53.38.571.jpg	B	B_31_3
868	6.110874462628344	15.53.46.559.jpg	B	B_31_4
869	24.00792096278745	15.53.55.217.jpg	B	B_31_5
870	5.7475028302735955	15.54.45.090.jpg	B	B_32_1
871	18.431140996433793	15.54.53.748.jpg	B	B_32_2
872	9.74156084042328	15.55.01.720.jpg	B	B_32_3
873	19.435289106267422	15.55.10.362.jpg	B	B_32_4
874	5.683639433919926	15.55.18.334.jpg	B	B_32_5
875	20.630139973351692	15.56.08.831.jpg	B	B_33_1
876	5.630704126431143	15.56.16.834.jpg	B	B_33_2
877	19.565348576876314	15.56.25.492.jpg	B	B_33_3
878	5.885828094316253	15.56.33.448.jpg	B	B_33_4
879	24.055125996300678	15.56.42.121.jpg	B	B_33_5
880	12.164547606279468	15.57.36.097.jpg	B	B_34_1
881	18.576071288665087	15.57.44.740.jpg	B	B_34_2
882	5.647717461995732	15.57.52.712.jpg	B	B_34_3
883	28.12129417984186	15.58.01.323.jpg	B	B_34_4
884	11.52462686661773	15.58.09.294.jpg	B	B_34_5
885	19.27380821077266	15.58.59.745.jpg	B	B_35_1
886	9.001791344497226	15.59.07.716.jpg	B	B_35_2
887	23.94632051755023	15.59.16.359.jpg	B	B_35_3
888	9.205976726466893	15.59.24.346.jpg	B	B_35_4
889	17.831262447815842	15.59.33.020.jpg	B	B_35_5
890	6.325512523564485	16.00.22.659.jpg	B	B_36_1
891	18.401095090854	16.00.31.317.jpg	B	B_36_2
892	14.411366480179211	16.00.39.257.jpg	B	B_36_3
893	20.187660133900785	16.00.47.931.jpg	B	B_36_4
894	13.64444790965437	16.00.55.903.jpg	B	B_36_5
895	27.0327513048417	16.01.51.423.jpg	B	B_37_1
896	6.1442672538929735	16.01.59.442.jpg	B	B_37_2
897	23.567463200104463	16.02.07.710.jpg	B	B_37_3
898	11.46575210479809	16.02.15.744.jpg	B	B_37_4
899	18.968639427581127	16.02.24.012.jpg	B	B_37_5
900	8.117934616559731	16.03.14.290.jpg	B	B_38_1
901	19.31750154983627	16.03.22.574.jpg	B	B_38_2
902	6.344706405863135	16.03.30.624.jpg	B	B_38_3
903	17.735153582752382	16.03.38.892.jpg	B	B_38_4
904	7.741562108183009	16.03.46.957.jpg	B	B_38_5
905	19.907047856662015	16.04.37.283.jpg	B	B_39_1
906	7.892824860261184	16.04.45.270.jpg	B	B_39_2
907	17.75207183633729	16.04.53.928.jpg	B	B_39_3
908	6.380457230223898	16.05.01.915.jpg	B	B_39_4
909	24.463984847735716	16.05.10.573.jpg	B	B_39_5
910	8.206487633637723	16.06.00.384.jpg	B	B_40_1
911	22.288192212659087	16.06.09.042.jpg	B	B_40_2
912	14.213057164553945	16.06.16.998.jpg	B	B_40_3
913	19.72895296991733	16.06.25.672.jpg	B	B_40_4
914	10.200857512680766	16.06.33.643.jpg	B	B_40_5
915	19.674331541988835	16.07.24.141.jpg	B	B_41_1
916	7.294030246211617	16.07.32.097.jpg	B	B_41_2
917	23.143549701886297	16.07.40.739.jpg	B	B_41_3
918	9.372756857629314	16.07.48.726.jpg	B	B_41_4
919	27.886948793916783	16.07.57.415.jpg	B	B_41_5
920	5.9455078835638755	16.08.47.117.jpg	B	B_42_1
921	26.972082663005377	16.08.55.759.jpg	B	B_42_2
922	5.725107854658954	16.09.03.731.jpg	B	B_42_3
923	23.66993621900803	16.09.12.374.jpg	B	B_42_4
924	8.826479190357926	16.09.20.376.jpg	B	B_42_5
925	19.16739245911158	16.10.10.874.jpg	B	B_43_1
926	15.322467364695175	16.10.18.861.jpg	B	B_43_2
927	19.03565320686162	16.10.27.519.jpg	B	B_43_3
928	10.662455168846579	16.10.35.475.jpg	B	B_43_4
929	18.796984760260298	16.10.44.133.jpg	B	B_43_5
930	6.404246741540557	16.11.34.006.jpg	B	B_44_1
931	26.753026459413302	16.11.42.664.jpg	B	B_44_2
932	5.848200985556414	16.11.50.620.jpg	B	B_44_3
933	18.26832261442482	16.11.59.294.jpg	B	B_44_4
934	11.100732384795505	16.12.07.265.jpg	B	B_44_5
935	18.990685769270264	16.13.00.945.jpg	B	B_45_1
936	12.089743443463622	16.13.08.886.jpg	B	B_45_2
937	26.68482098598745	16.13.17.528.jpg	B	B_45_3
938	9.991873660136436	16.13.25.484.jpg	B	B_45_4
939	19.931071903528554	16.13.34.142.jpg	B	B_45_5
940	5.7011218405842845	16.15.38.427.jpg	B	B_46_1
941	22.511387651766686	16.15.47.085.jpg	B	B_46_2
942	5.735173866908048	16.15.54.979.jpg	B	B_46_3
943	18.391884816422053	16.16.03.653.jpg	B	B_46_4
944	7.693704178409291	16.16.11.562.jpg	B	B_46_5
945	27.007009443542223	16.17.01.981.jpg	B	B_47_1
946	5.504194383063744	16.17.09.953.jpg	B	B_47_2
947	30.260638722706716	16.17.18.595.jpg	B	B_47_3
948	5.830515737335397	16.17.26.567.jpg	B	B_47_4
949	24.478437308647514	16.17.35.209.jpg	B	B_47_5
950	10.335924634219625	16.18.25.004.jpg	B	B_48_1
951	19.422624186573664	16.18.33.647.jpg	B	B_48_2
952	6.2076742567441645	16.18.41.619.jpg	B	B_48_3
953	23.148880631547186	16.18.50.292.jpg	B	B_48_4
954	6.722416400754064	16.18.58.279.jpg	B	B_48_5
955	19.87057440925566	16.19.48.699.jpg	B	B_49_1
956	5.992719255875749	16.19.56.670.jpg	B	B_49_2
957	25.15260657739103	16.20.05.313.jpg	B	B_49_3
958	14.488649113265458	16.20.13.300.jpg	B	B_49_4
959	19.249708098322373	16.20.21.958.jpg	B	B_49_5
960	5.677180198100135	16.21.11.644.jpg	B	B_50_1
961	18.689928789936015	16.21.20.318.jpg	B	B_50_2
962	8.895825647539976	16.21.28.274.jpg	B	B_50_3
963	29.192177161815586	16.21.36.932.jpg	B	B_50_4
964	7.917596885367898	16.21.44.888.jpg	B	B_50_5
965	23.737203550234344	16.22.35.338.jpg	B	B_51_1
966	6.3762355903259795	16.22.43.325.jpg	B	B_51_2
967	17.456309830335716	16.22.51.983.jpg	B	B_51_3
968	6.788675862995741	16.22.59.986.jpg	B	B_51_4
969	23.600716537798892	16.23.08.660.jpg	B	B_51_5
970	5.891089297192039	16.23.58.393.jpg	B	B_52_1
971	24.180944810615713	16.24.07.004.jpg	B	B_52_2
972	7.3713318956938	16.24.14.960.jpg	B	B_52_3
973	29.31886439154506	16.24.23.634.jpg	B	B_52_4
974	4.014735171331388	16.24.31.543.jpg	B	B_52_5
975	19.10931004712263	16.25.22.118.jpg	B	B_53_1
976	8.885372968573504	16.25.30.121.jpg	B	B_53_2
977	18.886811875866037	16.25.38.779.jpg	B	B_53_3
978	7.697881446716693	16.25.46.782.jpg	B	B_53_4
979	24.508229662281487	16.25.55.440.jpg	B	B_53_5
980	7.795315120697064	16.26.45.266.jpg	B	B_54_1
981	16.760024493117967	16.26.53.924.jpg	B	B_54_2
982	8.27780545719853	16.27.01.880.jpg	B	B_54_3
983	18.80676552657034	16.27.10.538.jpg	B	B_54_4
984	7.7198770780166655	16.27.18.541.jpg	B	B_54_5
985	20.748453650070424	16.28.09.070.jpg	B	B_55_1
986	5.669649705309251	16.28.17.041.jpg	B	B_55_2
987	23.56807806357308	16.28.25.699.jpg	B	B_55_3
988	6.283029895042172	16.28.33.702.jpg	B	B_55_4
989	18.921890787570376	16.28.42.376.jpg	B	B_55_5